:10000000003A01205D710000A5770000A57700008F
:10001000A5770000A5770000A5770000A577000070
:10002000A5770000A5770000A5770000A577000060
:0C003000A5770000A57700001D2300004C
:10003C002DE9F84305460C46480413D4A00024D4FB
:10004C00A0075CD460057ED4200500F10681200752
:10005C0000F13B81600040F1F68005F065FC24F076
:10006C008044F0E008F050FADFF81C140F6D3FB13B
:10007C00D7E90A1202F0E04201F00A01891849D0CE
:10008C0008F05AFA24F48044DDE0BB48DFF8FC7336
:10009C00016841F080010160B878012804D1042086
:1000AC0006F0EEFF0020B87008F02EFA0646042089
:1000BC0008F086FBDFF8D8130A68904219D12A7E23
:1000CC00BAB1FA68AAB1DFF8C003806C002800F05E
:1000DC009780C16840F603020988914206D0C06837
:1000EC0040F604010088884240F08A8005F1140033
:1000FC0088E040F6C4120860C5E9042284E001F0EF
:10010C004FFCDFF88403006C002840F09D8024F045
:10011C00020498E0D7E90A65D7E90A12AA43B14369
:10012C00C7E90A1208F008FAB8680028AAD056EAFB
:10013C000500A7D0D7F808C03869B7F93010324697
:10014C002B46E0479EE708F0DFF9054607F020FD57
:10015C00002800F0B780CC48876B002F00F0B280ED
:10016C00DFF828830420CB49002288F81800C64801
:10017C0007F036FC08F013FCC74808F0B5F9C7487F
:10018C000068006B8047C8F810000125042088F82F
:10019C00025006F0F7FF386990F82810C8F80400F0
:1001AC00490703D5436A042100229847012005F032
:1001BC00F3FDD8F80400457603F0FAFED8F80400F5
:1001CC0081680B461A465B684BB11E88A6F603067F
:1001DC00072EF7D805FA06F616F0830FF2D0537BEC
:1001EC0003F0F003013353730023FD6853602D8833
:1001FC00A5F60305012D00F28A80C8F810309FE0A7
:10020C0005F1100006F064FB304608F095F906F095
:10021C00D1FF78B12E6A28466FF4807100224FF01E
:10022C000073B0479848806B10B105F07DFB01E07E
:10023C0044F00204EE692846002100224FF080634E
:10024C00B04724F0005434B1974821462830BDE81B
:10025C00F84308F081B8BDE8F8838C4EB0780128DB
:10026C0004D1042006F00CFF0020B07006F0A2FFB1
:10027C0038B170686FF4807100224FF00073056A1A
:10028C00A847306950B185480068006B80473269D7
:10029C007168801A000BC860002030617A4D81496A
:1002AC000022284607F09CFB02203076286C20B1F7
:1002BC007D480221283008F04FF805F035FB24F476
:1002CC000064C0E708F06BFB41E008F01DF905463F
:1002DC0007F05EFCA0B1DFF8B48198F800000007CD
:1002EC000ED498F9000000280AD4684603F004FFE5
:1002FC0008B1009820B1DFF8B49199F8610048B3C7
:10030C0008F04DFB05F010FB24F008049BE70346B6
:10031C0033F8385FA5B190F8445090F8456005F07B
:10032C00F00580F8445006F0F005013580F8455092
:10033C0000255360C5634587507B00F0F000507377
:10034C0057480022C2610160012007F083FD24F4AC
:10035C00806478E700260127602E0FD009EB060099
:10036C00817A31B18772407A07FA00F0C0B206F098
:10037C00A1FE2036F0E700BFCC210840032088F80E
:10038C001800454808F0B0F808F009FB444F3E4D02
:10039C000022786900207861F968F86028464449A1
:1003AC0007F01EFB3D480068006B8047D8F80C1026
:1003BC00D8F82020411A02EB1130B0EB113F38BFB6
:1003CC004FF0FF3098F82410C8F8200021B1D8F86D
:1003DC000810B0EBC12F20D907F04CFDB8B140F696
:1003EC000900414621F83C0F002048804A7B02F06E
:1003FC00F00201324A730A7B02F0F0020A73486081
:10040C00F8613960B8F83E0010F4406FFAD0002063
:10041C00C8F82000012088F8240006F06FF8254861
:10042C00002101600220002107F014FD022006F0DB
:10043C0027FE102003F010FD98F8010020B9D8F821
:10044C000400503008F0C8F81B48807810B90D2013
:10045C0003F002FD98F8250028B1002088F825004B
:10046C00052006F00DFE002088F818001348C8F887
:10047C001C000220B5F85610B5F85420914208BF64
:10048C00072005F081F83DE778100020440F00208C
:10049C00B0120020797B0000E80A00208C010010CB
:1004AC0000100440C12C000014100020C8090020CA
:1004BC009959000000000460B0910000B5280000BC
:1004CC002DE9F04F8DB0044600209A4616460F4693
:1004DC00CDE90B00CDE909008A488568804604F017
:1004EC00B3FC1C2803D004F0AFFC1B281BD13088B4
:1004FC0040F60201884218BFB0F5C15F03D1F07B12
:10050C00022810D93EE043F6070188420BD196F839
:10051C002400032807D330697B4940F0806020F029
:10052C00604088422ED100206FB366B3387825FA2C
:10053C0000F0C00726D03046002108F036FA734888
:10054C00C4E90176006880B109A800900CA90BAA37
:10055C000AAB304601F088FF0B980B214FF6FF7267
:10056C00502307F017FCFF280CD007F0CDFF684F85
:10057C0006467878012802D840B1012070E0304658
:10058C0007F0DAFF00200DB0BDE8F08F01F0E0FEBF
:10059C0060480DF10409016841F0020101605E48F8
:1005AC00C8F80000484607F0B5FCDFF870B15D49AB
:1005BC004A469BF801009BF800500390584828309D
:1005CC0004F0CFFA584859494A4604F0CAFA48464A
:1005DC0007F0DCFCDFF85881564A19214B4602958E
:1005EC00404605F0ADFB544A08F11C001A214B465D
:1005FC0005F0A6FB5148524908F09CF95148524964
:10060C0008F098F95148006810F4402F06D0504A71
:10061C0007F128000421002307F084FA9BF802005C
:10062C0010B10D2003F010FB08F1400007F029FE7B
:10063C0008F1380007F025FE4649002007223876DD
:10064C00B8843862386181F860200521C7E902104E
:10065C004149F96138700420002107F0FBFB7878E0
:10066C002F4941F8204001307870304607F064FF84
:10067C00BAF1000F02D0DAF8000008E00DF1040A1C
:10068C0036492022504608F09FF94FF0FF30DAF837
:10069C000420BAF81010DAE90635002AB2FA82F60C
:1006AC0008BF40F6C41220600120760961832563DF
:1006BC0060762B4826764FF4FA766261C4E90362C1
:1006CC00C4E90700C4E90903DAF80C0000B12062A0
:1006DC00DAF8140000B16062DAF8080000B1E061E9
:1006EC0004F13800C82108F031F904F15000002160
:1006FC0006F070FF1B4904F1B80008F01BF9204606
:10070C0041E700BFCC2108400F00000584120020F7
:10071C00440F002000200940110000E0B0910000BF
:10072C001410002025800000700B0020753900008B
:10073C007810002099590000115200002C0B002059
:10074C00557B0000E80A0020D17F0000B44F005018
:10075C0005620000C8090020B528000004910000C3
:10076C00AB190000B189000080B588B0079000205B
:10077C000590049041F2D000C2F20000806806900F
:10078C0008F00CF8069908700798006A0699086139
:10079C000798406A069948610798806A06998861AB
:1007AC000798C06A0699C86107980068069908629C
:1007BC00079840680699486207988068069988628D
:1007CC000798C0680699C86207980069069908637B
:1007DC000798406906994863079880690699886369
:1007EC000798C0690699C8630798006B0699086456
:1007FC0007984030069948640798406B06998864BE
:10080C000798806B0699C8640798C06B06990865B1
:10081C00069800780146019103283AD80199DFE83F
:10082C0001F01C0F022C08F037F80699486008F00C
:10083C0033F8C06A059008F02FF8806A049029E01C
:10084C0008F018F80699486041F2D000C2F2000096
:10085C0041690591C06904901CE0069890F850001D
:10086C0007F05FF80699486041F2D000C2F2000030
:10087C0041690591C06904900CE00699002048601C
:10088C0041F2D000C2F2000041690591C0690490A8
:10089C0000E0FFE704980699C860059806998860FF
:1008AC0041F2D000C2F20000C068C8B1FFE7059861
:1008BC00039041F2D000C2F20000C0680290FFE742
:1008CC00049860B1FFE70398411C039100780299EA
:1008DC004A1C02920870049801380490F0E7FFE774
:1008EC004EF60450CEF200000068069948654EF6AC
:1008FC002850CEF200000078069988654EF62950F3
:10090C00CEF2000000780699C8654EF62A50CEF259
:10091C0000000088069908664EF62C50CEF20000B6
:10092C000068069948664EF63050CEF2000000681A
:10093C00069988664EF63450CEF20000006806998F
:10094C00C8664EF63850CEF200000068069908676B
:10095C004EF63C50CEF2000000680699486708B08D
:10096C0080BD2DE9FC47D0E900588246D8F800003C
:10097C00D0F8409019F4F06FC0F8449035D05FEA8D
:10098C00495117D5D5E91401411A504606F09EFD80
:10099C00D8F800008169C90605D401688DF80710E4
:1009AC009DF80710F6E7296801312960A97B09B980
:1009BC000121A973696C40684FF0004600F00F04E8
:1009CC0004EA0100B0FA80F126FA01F1014005D0E9
:1009DC002F6C1FB12A68AB6C5046B847B4FA84F040
:1009EC0026FA00F020404042A863D5F85801D8F808
:1009FC003C1009F0400740680068D0F8042511400D
:100A0C00394347D0DAE90064504604F05DFED7B1B3
:100A1C00F07C90B90BE0316F69B10068B16EB26FC8
:100A2C008854306FB16F01310138B167306720687D
:100A3C008169C906EFD5F07C28B1D6E91401411AB9
:100A4C00504606F043FD96F86400E0B13079022878
:100A5C0019D017B1B179012901D0316F99B900249E
:100A6C00B16E0128346786F86440B46607D1B36C64
:100A7C00B26FD6F8CC6050460094B04703E006F154
:100A8C007C0007F0A9FD504602F00EFAD5F858018B
:100A9C004068006800F204500068D8F8381008422A
:100AAC0028D0D5F8F80028B3DAE90076504603F0E0
:100ABC0099FF504602F038FE7879012812D1D7F808
:100ACC00F40078B997F8E80060B1002087F8E800E6
:100ADC00BB6CD7F8EC10D7F8FC20D7F8504100903D
:100AEC005046A047D7F8F80020B93068816B41F424
:100AFC00006181635FEA095023D5D8F80000816951
:100B0C000907FCD4016B21F480710163297A91B13E
:100B1C000020287295F84400800606D52C6C24B170
:100B2C00AB6C504620210022A0475046012106F014
:100B3C0066FDD8F80000816B21F40061816368794F
:100B4C0008B1BDE8FC8705F58070BDE8FC4707F0EF
:100B5C0043BD70472DE9FF41DFF8BC8100200390B5
:100B6C000290D8F83840B4B3D8F84C0010B9D8F883
:100B7C00480070B3D8F8480060B12069D8F8481024
:100B8C000969814206D194F83300C00602D5D8F821
:100B9C004C0090B1002702A887F0010103AA03F0D2
:100BAC008DFD0546FFB9F5B10299002900F09D8035
:100BBC005A4807F007FB002714E0D8F84800C06833
:100BCC0040880028F9D0D8F84800C068408801282F
:100BDC00F3D00127DFE752480221283007F0BCFB95
:100BEC000027002500242CB34E48466816B3029803
:100BFC00B0FA80F04009284001281BD1D8F84800F1
:100C0C00D8F84C10039A87F00103CDE9003208F1B3
:100C1C00380208F14003B047012868D0022809D1F6
:100C2C00D8F84800012201230069D8F84810B1F91E
:100C3C00301065E0002C204618BF012038400128F8
:100C4C0051D1394821694068814203D034484FF46E
:100C5C00806145E00298002818BF01202840012837
:100C6C0006D1D8F8480018B9D8F84C0000284DD057
:100C7C00082007F0C3F994F833004C25C00608F19E
:100C8C00380058BF482506F0DCFF48F80500274B14
:100C9C00D4E90601C2439A60DA681043D860C843AD
:100CAC00186058680843214658600820E56807F02A
:100CBC00D1F8284607F05EF8288843F60601411A59
:100CCC00022906D3B0F5C15F03D040F60201884279
:100CDC0003D10120294607F0BDF811484FF080419F
:100CEC00283007F039FBBDE8FF8100277BE703982C
:100CFC00002818BF044601220023B4F930102069E3
:100D0C000092002201F0CEF8BDE8FF81082006F029
:100D1C00D1F9BDE8FF8100BF781000202C0B00201A
:100D2C00141000208C120020440F002008100440E6
:100D3C002DE9FE4FD0F80080994614460E468246A7
:100D4C0013B10020C9F8000007F0DEFB834698F8C9
:100D5C00070038B198F8640048B107F01DFE6FF039
:100D6C000805B4E007F018FE6FF00E05AFE0002C9C
:100D7C004AD0504604F0A8FC00200121C8E91A64AE
:100D8C00C8F87040C8F87800C8F8380088F80C002B
:100D9C0088F80A00504688F8641006F0B1F85046FE
:100DAC0002F082F808F14C0402AD2046294606F008
:100DBC0059FFD8F87810D8F870707218B84238BF4C
:100DCC000746029910463A4607F0FEFD2046394682
:100DDC0006F0AFFAD8F87000D8F87810C21B394476
:100DEC00012FC8F87020C8F8781001DBB842DCD1AC
:100DFC0098F8041002290CD10020C8F8680088F873
:100E0C006400C8F870001CE007F0C6FD6FF009051F
:100E1C005DE0B84215D10020D8F86860012988F847
:100E2C006400C8F868000CD10124584688F81040BA
:100E3C0007F082FB98F80F0000284BD007F064FBFA
:100E4C00834607F0A9FD98F8040008B100252FE0AF
:100E5C00D8F8701008F17C0031B30C9906F0BFF88B
:100E6C0010B1012088F80C0007F04EFB04465046E8
:100E7C0004F02AFC0020C8F86800C8F8700088F854
:100E8C006400504602F010F898F80A6098F80C507C
:100E9C00204607F051FB002D18BF6FF00C05002EFB
:100EAC0018BF6FF00D0503E00021002506F097F840
:100EBC0007F02AFBB9F1000F07D098F804100129AC
:100ECC001CBFD8F87810C9F8001007F035FB28467D
:100EDC00BDE8FE8F002598F810000028AED007F072
:100EEC0013FBA8F80F4007F027FBD8F84830D8F8C8
:100EFC007820D8F8CC70504631460095B84788F821
:100F0C000F50E8E786B0DDF820C0DDF81CC0DDF836
:100F1C0018C00590049103920293059801900498CF
:100F2C008008009006980199009A013A009241F8C5
:100F3C00220002980199009A013A009241F822008D
:100F4C0003980199009A013A009241F822000898FE
:100F5C000199009A013A009241F8220007980199F0
:100F6C00009A013A009241F8220001990098421E21
:100F7C00009248F23120C0F2000041F822000199A1
:100F8C000098421E00924FF0FF3041F82200019968
:100F9C00009A013A009241F822000199009A013A14
:100FAC00009241F822000199009A013A009241F80E
:100FBC0022000199009A013A009241F8220001990D
:100FCC00009A013A009241F822000199009A013AE4
:100FDC00009241F822000199009A013A009241F8DE
:100FEC0022000199009A013A009241F822000199DD
:100FFC00009A013A009241F822000199009A013AB4
:10100C00009241F822000199009A013A009241F8AD
:10101C0022000199009A013A009241F822000199AC
:10102C00009A013A009241F822000199009A013A83
:10103C00009241F822000199009A013A009241F87D
:10104C0022000199009A013A009241F8220001997C
:10105C00009A013A009241F822000199009A013A53
:10106C00009241F822000199009A013A009241F84D
:10107C0022000199009A013A009241F8220001994C
:10108C00009A013A009241F822000199009A013A23
:10109C00009241F822000199009A013A009241F81D
:1010AC0022000198009900EB810006B0704780B5D2
:1010BC008EB0DDF840C00C900B910A92099307F0AA
:1010CC007DF9019041F26020C2F20000806830B1DD
:1010DC00FFE7019807F039FB00200D90B0E00C9869
:1010EC0041F26021C2F200018860019807F02DFBEB
:1010FC00099830B9FFE749F24410C0F2000009909A
:10110C00FFE70B980C99C8600A980C99C86109986C
:10111C0040680C9988610C994FF4803048620C99A6
:10112C00002008620C99C86488640998007B012827
:10113C000BD1FFE7099880680C9948610998806881
:10114C000C9900224A64086418E00998816844F2FA
:10115C004022C0F20F020023184607F011F90A468C
:10116C000C994A6408640C99086C48610C98406CA2
:10117C0018B1FFE700200D9062E0FFE709980078B6
:10118C00022806D1FFE70C99486900224A650865D8
:10119C0004E00C99002048650865FFE70C99486944
:1011AC000022CA65886502A806F052FF0C980390CD
:1011BC000998007890B9FFE70C98283041F26C211F
:1011CC00C2F200016A46116044F66742C0F20002A6
:1011DC00142102AB04F00CFE089011E00C9828309E
:1011EC0041F26C21C2F200016A46116048F24102E0
:1011FC00C0F20002142102AB04F0FAFD0890FFE7E4
:10120C000C9806F047FE0C98007C20B9FFE70C9870
:10121C0004F08EFAFFE7089850B1FFE70C9941F201
:10122C006020C2F2000005F079FF0C980D9007E0E9
:10123C0041F26021C2F20001002088600D90FFE7AE
:10124C000D980EB080BD7047B0B560480021604C61
:10125C00016094F83A01032812D002282ED00128FC
:10126C0040F0AF8094F8400103F092FF002084F826
:10127C0040015948817B0220002908BF06209EE0CE
:10128C0054480168B1F5C060C4F82C01B8BFC1F571
:10129C00C060D4F81011002900D5494288422ADDDB
:1012AC00D4F8140106F0F6FBD4F8180106F004FC8F
:1012BC00D4F8280106F024FC01201DE045480568FF
:1012CC0007F062F9C4F8140107F066F9C4F81801C4
:1012DC0007F06AF9B5F5C061C4F82801C4F810111B
:1012EC0009D094F830215AB1D4F81401D4F8202143
:1012FC00D4F82C110AE0002084F8300106205EE0BE
:10130C00C4F82401D4E94502C4F82C110223C4F812
:10131C001C01002901EB410148BF6FF00103194486
:10132C00042391FBF3F111440029C4F820110FDDC3
:10133C001F2931D3D4F824212AB33E28A8BF3E203C
:10134C0001302929A8BF2921C4F81C010B3909E057
:10135C00D4F82421032A09D111F1140FD8BF6FF04E
:10136C0013011531C4F82011002113E00128D8BF56
:10137C000120013811F10A0FD8BF6FF00901C4F830
:10138C001C010B3103E03329A8BF33211539C4F8F4
:10139C0020110321C4F8241106F07CFB012006F077
:1013AC009DFBD4F8200106F087FBD4F8240106F04D
:1013BC00A7FBA5F2FF510420032938BF0620C4F86F
:1013CC003C01BDE8B04001F063B900BF3C500C409B
:1013DC00540D002008400C407891000080B58AB074
:1013EC000890079106920593069800680899086181
:1013FC000698C068089948610698806940B9FFE76B
:10140C0040F65050C2F2000000680899086304E0EE
:10141C000698806908990863FFE70698406920B927
:10142C00FFE74FF40070029003E0069840690290C9
:10143C00FFE707F0D1FA04900698006988B3FFE73C
:10144C00049808B3FFE70698006901900199049885
:10145C0008440138019001980499494208400190D0
:10146C00019807F051FA0899C8620298019A0699F6
:10147C000969891A0844089988620899886A049A43
:10148C0052421040886207E0069800690899C862C9
:10149C00029808998862FFE708994FF0FF300863BB
:1014AC0020E0049848B1FFE70298049908440138F9
:1014BC00494208400899886203E0029808998862BA
:1014CC00FFE70898816A006B049A059B03F0C2F948
:1014DC000899C8620898C06A18B9FFE701200990FA
:1014EC0040E0FFE707980899486306984068089918
:1014FC008863069880680899C8630698C06908993B
:10150C000864069890F82000089900F0010081F812
:10151C004800089890F84800C00740B1FFE741F236
:10152C000C11C2F20001486901304861FFE70899CB
:10153C00002048650898059902F074FA0390039806
:10154C0020B1FFE70398023009900BE0089800F1F6
:10155C00080141F20C10C2F2000005F0DFFD002082
:10156C000990FFE709980AB080BD7047FEB50446A4
:10157C005A480078A04213D908780D46012801D1A9
:10158C00686868B16878012801D1A86840B1544FE7
:10159C0057F8346006F0B8FFF17921B106F0CCFFB2
:1015AC0000242046FEBD07EBC40401216768F171DD
:1015BC0006F0C2FF002005F1040C7074F081B060DD
:1015CC0030602988B180A98BC6E93D00C6E90E00C0
:1015DC0086F86400B186297D2B69B1719CE80610F0
:1015EC00C6F85021BCF1000FC6E910C34FF0FF3212
:1015FC00C6F8CC10A969C6E93B203163A97F86F8EF
:10160C003610296AC6E91A00C6E91C00B16486F8CE
:10161C00E800C6F8580102D13249C6E9101097F813
:10162C00400002F011FBD7E9031206F14C0006F062
:10163C00CBFFD7E9051206F1D00006F0C5FF2A4909
:10164C0038680968C96888477A6C97F8240046F2AC
:10165C00020102F0A1FA254DBA6C97F82000294638
:10166C0002F09AFAF86901280CD1FA6C97F8280064
:10167C00294602F091FA3A6D97F82C0046F20201D5
:10168C0002F08AFA04F0B4F9C6F85801204601F0C9
:10169C008FF9174A06F5AE700421234606F042FA7C
:1016AC006D46284606F072FC387A7968114A2B464A
:1016BC000094019006F1140004F042FB06F17C004A
:1016CC00002105F087FF06F58070002105F082FFF0
:1016DC003868D7E90C121060486062E7439100004B
:1016EC00E89100009B260000D00100100260002051
:1016FC00798300006F0900002DE9F047012816D10D
:10170C00DFF830A1DAF83401012813D10220CAF82D
:10171C00340106F06FFB0120012405F07BFD60B164
:10172C00CAF8344106F076FB4FF0FF347FE06FF0DF
:10173C0001047CE06FF0040479E09AF85A419AF8BD
:10174C0059119AF85801002C18BF0124002918BF10
:10175C000234002818BF0434012007F031F8013896
:10176C0018BF01209AF83811B1FA81F1490910EA31
:10177C00010902D1002001F03FFEDAF808002E4DDD
:10178C0010F0010807D12D4F286A81683846884728
:10179C000428F9D00646404607F089F8B8F1000F46
:1017AC0008D1012E04D1286A0121426823489047B0
:1017BC0006F0E2FE28684169204688479AF85401F1
:1017CC0018B14FF4806007F001F89AF8530118B182
:1017DC004FF4816006F0FAFF1948012101600320E3
:1017EC000021CAF8340117480160204605F02CF896
:1017FC000128FAD1144E3068042005F00BFD044684
:10180C0012480125B9F1000F0560306802D10120A2
:10181C0001F0F2FD07F08AF8082005F0FBFC044308
:10182C00CAF8345118BF4FF0FF3406F0F3FA2046D3
:10183C00BDE8F087540D0020B801001000400340B3
:10184C00282008600C2008402C2009400C4009403E
:10185C0080B59EB01C901B911A9219930020069093
:10186C000C9009A8079006F0A8F80DA806F0C6F988
:10187C00069A079B1C9802605021104602F0EAFF62
:10188C000C900C9818B9FFE70C201D9084E049F2DD
:10189C003C20C0F20000006841F21C21C2F20001A1
:1018AC0088601B9830B9FFE741F21C20C2F200009F
:1018BC00059002E01B980590FFE7059808900898A2
:1018CC0000681090089840681190089948688968D9
:1018DC00049120B9FFE70898C068039002E000204B
:1018EC000390FFE704980399084412901A980E90FD
:1018FC000C980F90199814904FF0FF301090089896
:10190C000069002818BF01200C9908631A980C99DB
:10191C0048630C9800210191C1620C9881630C986A
:10192C00C163089800680C9A90600C9841640C98FC
:10193C00483006F0C7FC16A8029006F09BFD0199F2
:10194C00029A01208DF858000C98103005F016FE04
:10195C0047F2C930C0F200000DA909AA04F05CFDE1
:10196C000C99C8600C98C06830B9FFE70C9805F06A
:10197C000EFD0C201D900FE01A980C99C968486355
:10198C000C981C9908600C98C0680899096800F0BC
:10199C0025FB00201D90FFE71D981EB080BD7047F1
:1019AC002DE9F047DFF83491D9F840A0BAF1000FD7
:1019BC0000F088800AF10C020820FF2151FA80F017
:1019CC00C3B21B1A18BF012312686AB163B1138822
:1019DC00A3F60303012B01D90432EFE7DAF8100068
:1019EC0092E8FA003830FAC0DAF808200025DAE973
:1019FC000A10CAE90A55B2B110F0E2440CD021F039
:101A0C000F0220F0E2434FF0000852EA030005D029
:101A1C0006F08DFEB04701E08846044606F087FECE
:101A2C0042462346B04706F06FFD0446B9F856000F
:101A3C0001306FF31F30A9F856004FF6FD70AAF86D
:101A4C00300009F140008AF8335006F0FAF82046CD
:101A5C0006F072FDB9F85600B9F85410884231D12D
:101A6C001F48204940680D6830B190F8FC200720D1
:101A7C00002A08BF052000E005204C6803F084FD17
:101A8C0055B195F8FC00002100284FF0000008BF6C
:101A9C00286885F8FC1000E0002044B194F8FC2084
:101AAC000021002502B9256884F8FC1000E000250F
:101ABC00A84288BF0546681C04D02DB9BDE8F04784
:101ACC0006F080BABDE8F08706F06EFEB5FBF0F1CB
:101ADC000548BDE8F04706F075BB00BF7810002044
:101AEC00440F002014100020E80A002080B588B0B4
:101AFC0001208DF81F0006F015FF06F073FE06F0AE
:101B0C0077FE0690069800F00C000C2807D1FFE732
:101B1C0000BF00BF06F04BFF00BF00BF81E09DF887
:101B2C0018004007002842D4FFE705F018F805908C
:101B3C00059849F23421C0F2000109684843049029
:101B4C00049802900121084606F02EFA01460298EC
:101B5C0088422BD9FFE749F23420C0F2000001681B
:101B6C00F020B0FBF1F10598401A059040F6545066
:101B7C00C2F200000C30019006F0A8FE059906F0A8
:101B8C007BFD019806F0A2FE06F07EFA00BF00BFB6
:101B9C000120FFF7B1FD00BF00BF019806F096FED3
:101BAC0006F0E1FD00208DF81F00FFE7FFE79DF830
:101BBC001F00C007A0B3FFE700BF00BF9DF81800CF
:101BCC000007002826D4FFE7FFE740F2D810C1F247
:101BDC0000000068816844F20000C4F203008847EA
:101BEC000390FFE703980428EFD0FFE79DF8180057
:101BFC00C006002803D4FFE7039820B9FFE70120B3
:101C0C0006F0D9FE03E0002006F0D5FEFFE706F053
:101C1C0003FD02E006F0CBFEFFE700BF00BFFFE7CD
:101C2C00FFE706F083FE08B080BD80B58EB00C9047
:101C3C000B910A920A98019001980C99896A0139C2
:101C4C00084204D0FFE70C98806A0190FFE70B98DC
:101C5C00059005980C99896A01390840029040B1A9
:101C6C00FFE705980C99896A029A891A084405902D
:101C7C00FFE705980B99884203D2FFE700200D90EF
:101C8C006FE00C9820300990099800680790FFE7E6
:101C9C000798002862D0FFE70798406806900798DD
:101CAC000199013908400290029828B1FFE7019888
:101CBC000299401A0290FFE706980599029A11447E
:101CCC00884244D3FFE707980299084406F01CFEAB
:101CDC00039006980599401A0299401A04900298AC
:101CEC00C0B1FFE7029807994860049888B1FFE7F4
:101CFC0003980599084406F007FE089007980068B9
:101D0C000899086004980899486008980799086031
:101D1C00FFE719E0049888B1FFE703980599084498
:101D2C0006F0F2FD0890079800680899086004987E
:101D3C000899486008980999086004E007980068B9
:101D4C0009990860FFE7FFE703980D9009E00798F1
:101D5C000990079800680790FFE799E700200D901D
:101D6C00FFE70D980EB080BD80B58CB00B900A913A
:101D7C0006F024FB01900120009006F0BBF8014610
:101D8C000098049140F6AC71C2F2000181F85C003D
:101D9C00002081F85D00486D08900498089A801A1C
:101DAC00069008988A68801A079004988968401AE7
:101DBC0003900798039988420BD9FFE740F6AC7162
:101DCC00C2F20001002081F85C00019806F0BDFC15
:101DDC0066E0019806F0B9FC00200990FFE7069830
:101DEC00099988420ED3FFE708980999084408908E
:101DFC0009990698401A06900899012001F0F4FC04
:101E0C000990ECE706F0DAFA019040F6AC70C2F2F9
:101E1C00000090F85D00C00730B1FFE70899002082
:101E2C0001F0E2FC0990FFE70998013058B9FFE78F
:101E3C0040F6AC70C2F20000806D059008980599D0
:101E4C000844029018E009980699401A05900598E4
:101E5C0040F6AC71C2F20001896D884207D9FFE7E8
:101E6C0040F6AC70C2F20000806D0590FFE7089858
:101E7C00059908440290FFE70598029905F047FF81
:101E8C0040F6AC71C2F20001012081F85E00002026
:101E9C0081F85C0008988860019806F056FCFFE712
:101EAC000CB080BD2DE9F84F4FF00054002A994634
:101EBC0016460F46804618BF4FF080444D1C06F066
:101ECC0023FB824635B140463946002204F0DEFC45
:101EDC0007460FE03C48816C11B10969414506D0B9
:101EEC00C16C11B10969414503D0876B02E0876C65
:101EFC0000E0C76C37B197F93300B0F1FF3F03DD59
:101F0C0004245BE0032459E0DFF8BCB00A9DDBF845
:101F1C004800874218D0DBF84C00874229D0404655
:101F2C0039464A462B4602F00DFC0028E8D02748DB
:101F3C00017E012941D0007E04283ED02448254949
:101F4C00283006F009FA38E0DBF848000022234676
:101F5C0005F00EFC06F02EFC1F48002E18BF00F5F5
:101F6C00803005F007FFF5B1DBF8480006F09AFC6D
:101F7C000CE006F01FFC1848002E00F100501CBFAE
:101F8C000120C2F2024005F0F5FE65B1DBF84C0011
:101F9C0006F088FC38690E49086291F8240040F07C
:101FAC00010081F82400B9F1000F06D0DBF83810DD
:101FBC00404601222B4602F0C5FB8324504606F016
:101FCC00BBFA2046BDE8F88F78100020440F0020A3
:101FDC0014100020020000400100010480B588B0FC
:101FEC000690059106F088F8029006F0E7F901904A
:101FFC0006984069049004980599884209D1FFE736
:10200C00019806F0A2FB029804F0A6FC0498079035
:10201C007BE00598B0F1FF3F09DCFFE7002003905F
:10202C0041F20C10C2F200002C3000900DE005992A
:10203C0001208840039041F20C10C2F20000006AAB
:10204C00059900EBC1000090FFE7069890F820007E
:10205C00012836D1FFE7069806F024F80698C06CE4
:10206C0006F03BF950B1FFE70698826941F20C117A
:10207C00C2F20001C8689043C860FFE741F20C103F
:10208C00C2F200008069069988420CD1FFE70098E3
:10209C0041F20C11C2F20001C86100980068069967
:1020AC0005F0B6FB04E00098069905F09DFBFFE7F0
:1020BC00039A41F20C11C2F20001C8681043C860C7
:1020CC00FFE705980699486103980699886100987E
:1020DC000699C8640598B0F1FF3F07DCFFE741F2B1
:1020EC000C11C2F200010020C861FFE741F20C1193
:1020FC00C2F2000101200874019806F026FB029838
:10210C0004F02AFC04980790FFE7079808B080BDFC
:10211C002DE9F0410546880058BFBDE8F08100204C
:10212C00002403F039FE3D493D483E4FCC61086028
:10213C0040F60A008846B887FC8797F8480000F0FC
:10214C00F00087F848003C6497F8490000F0F00074
:10215C00013087F84900284601F02AFFAC680120BD
:10216C0021460E46496849B10A88A2F60302072A9D
:10217C00F7D800FA02F212F0830FF2D0707B00F065
:10218C00F000707307F13C0070602748806B28B139
:10219C00C0680088A0F6030002281AD3284630F83D
:1021AC00381FB1B10021E9636987386495F84400A0
:1021BC0095F8451000F0F00085F8440001F0F000AF
:1021CC00013085F8450097F8490000F0F00087F8D9
:1021DC00490006F0B7F81548F86197F8250030B1BA
:1021EC0005F0B2FA0028FBD004F0ACF90BE00120AA
:1021FC0006F0E6FA012806D0707B00F0F000013002
:10220C0070730B48F86100202146C8F81C00C8F810
:10221C0000400120BDE8F04105F01CBE0010044058
:10222C0001010E04440F0020781000203D00000036
:10223C00416300001EF0040F14BFEFF309816946DF
:10224C008869A1F1480214BF82F30988954621EDF3
:10225C00100BF1EE102A41F8082DEFF3118102B4A6
:10226C0000B5DFF8D8E0F047374A1268116801EA88
:10227C00000010605DF804EB1EF0080F09D101BCE2
:10228C0080F311885DF8080BE1EE100ABDEC100B21
:10229C00704704BC1EF0040F14BFEFF309816946AC
:1022AC00A1F1200114BF81F309888D464A604FF0DB
:1022BC008070C86125488861234B1B6818680860CA
:1022CC0040F201101860704702B401B4EFF31481AE
:1022DC0000291CBF002282F3148802B402B4DFF878
:1022EC0060E0F04701BC01BC00281CBF022181F357
:1022FC00148801BCDFF84CE0F0470F484FF08051D8
:10230C00016001BC80F3118800BF00BFFFF7FEBF66
:10231C001EF0040F14BFEFF30981694601F120018F
:10232C0051F8080BE1EE100AB1EC100B14BF81F35D
:10233C0009888D46704700BF04ED00E05F4D00003A
:10234C0003840000158400002C920000D4220000AD
:10235C002DE9FF413B4E96F8420100286AD101203D
:10236C0086F8420106F038FA374F86F87001374D7F
:10237C007868C6F86C01387B86F84101A86810F4BF
:10238C00402F13D1386988B128686421C0F30660E6
:10239C0000FB01F406F008FAB4FBF0F22C4906F14C
:1023AC009400002303F016FC06F0DEF801AC204686
:1023BC0005F05CFF2749A846002506F10C00002219
:1023CC0006F0A7F9204605F051FF234906F150000D
:1023DC00082206F09EF9214A06F1D800322100238A
:1023EC0003F0AEFC1E4C1F4A06F1F4002C21002316
:1023FC002560454603F0A4FCD8F80800797BC0F3AF
:10240C00815021B1032804BF012186F8391103281A
:10241C0003D040F00200022810D1206840F04000A8
:10242C002060022004F0AEFE6868400702D4002051
:10243C0004F0A8FE002004B0BDE8F08104F028FDF3
:10244C00F2E700BF540D002078910000AC4F005013
:10245C004987000077310000ED690000015600004B
:10246C0090220840551200002DE9F8431D46434BBD
:10247C00DDF8208043F606061C68038814F000740F
:10248C0011D0B34227D0B3F5C15F33D040F602066A
:10249C00B3423ED100F112030B60416911608169B6
:1024AC002960C1692EE0B3420AD0B3F5C15F03D0F5
:1024BC0040F60206B34203D100F11203143002E0DD
:1024CC0000F11A031C300B600068106000202860BB
:1024DC00C8F800004BE000F11A034FF000090B6044
:1024EC00C1691160016A2960416AC8F8001000F1E5
:1024FC0018011CE000F112030B6041691160416A84
:10250C002960816AC8F8001000F1100190F80F9052
:10251C000DE000F11A030B60C1691160816A29603A
:10252C00C16AC8F8001000F1180190F824902868CE
:10253C0068B10E8806F0F4F8042808D8074606F0AF
:10254C000701484603F0E8FA296841F82700D8F853
:10255C00000060B106F0E4F8042808D805464846A7
:10256C00FF2103F0D9FAD8F8001041F82500002C0F
:10257C0018BF01242046BDE8F88300BF9412005018
:10258C0080B596B01490139113980130B8B1FFE751
:10259C001398A0B1FFE702A8019006F097F9139ADF
:1025AC0046F6AD21C0F200010CAB05F067F80198BE
:1025BC0006F08CF90F9002208DF8400005E0002009
:1025CC000F9003208DF84000FFE7149814300B9007
:1025DC0005F0F4FE12901498408A002847D1FFE7CA
:1025EC00139838B9FFE7129806F0AFF800208DF871
:1025FC00570048E005F080FD119006F04DF90E9063
:10260C000E990CA8009048620E9802F049FD0099B2
:10261C000B9805F0E9F89DF84000022807D1FFE778
:10262C000F9805F023FD0F9800F0B6FCFFE7129809
:10263C0006F08BF8119804F08FF905F0BFFE12909C
:10264C000F9830B1FFE70F9806F00EF800200F90AE
:10265C00FFE70E9900204862129806F076F89DF874
:10266C004000002818BF01208DF857000BE014988B
:10267C00408A013814994882129806F066F80120B5
:10268C008DF85700FFE79DF8570016B080BD7047D6
:10269C002DE9F84F3C4C3D4E3D4D42F62A294FF06A
:1026AC00010A4FF0030B00274FF00508D4F83C014A
:1026BC00062833D8DFE800F00433183B203D4B00EC
:1026CC000F20F060C6F8109004F0C2FA45F804AC84
:1026DC0055F8040C8007FBD5C6F81CA094F83901FA
:1026EC0090B10120EF6210E02F60C4F83CB1286873
:1026FC008007FCD40320DBE72F60C4F83C812868FA
:10270C008007FCD40520D3E70320C6F800B0C4F83A
:10271C003C012F6029688907FCD4C9E7FEE7012634
:10272C00022084F83A6104F07BF92E6009E0022063
:10273C0000E0032084F83A01002004F071F9012034
:10274C00286004F15000BDE8F84F05F0C5BE00202C
:10275C0045F8040C286055F8040C8007FBD4286855
:10276C008007FCD40B480025012105600A48016054
:10277C000D2001F071FB022004F082FCC4F83C51E6
:10278C0084F83B51BDE8F88F540D002000400C40FC
:10279C0058600C403C500C4004800C4080B584B018
:1027AC00039002910298002860D1FFE705F0A4FC89
:1027BC00019005F003FE0090039890F8200001288A
:1027CC0024D1FFE7039805F06DFC0398C06C05F06D
:1027DC0084FD50B1FFE70398826941F20C11C2F2FB
:1027EC000001C8689043C860FFE70398406A60B175
:1027FC00FFE70398406AC06830B1FFE70398406A6E
:10280C00C06805F031FFFFE7FFE7FFE7039890F89A
:10281C002000022815D1FFE70398406A80B1FFE73A
:10282C000398406A05F03EFC0398406AC06830B1DA
:10283C00FFE70398406AC06805F016FFFFE7FFE763
:10284C00FFE7039890F82000032804D1FFE70398D2
:10285C0005F028FC03E0039803F049FFFFE700981C
:10286C0005F073FF019804F077F8FFE70298012850
:10287C0001D1FFE715E00398006B013038B1FFE799
:10288C000398826AC16A006B04F08EFEFFE702981F
:10289C00022801D1FFE704E00298032801D1FFE7E9
:1028AC00FFE704B080BD7047B0B50C46880722D452
:1028BC00600758BFB0BD354D0120A870042004F04E
:1028CC0061FC33480068006B8047E8602D48806BE2
:1028DC00F0B16968046961B1A1420AD094F828008A
:1028EC00400704D5636A2046042100229847012042
:1028FC0060766C600DE0FFF753F82248006CE0B393
:10290C00214844F002012830BDE8B04005F024BD58
:10291C006C6860681F4900780860022004F032FC83
:10292C00102001F091F9012028761B48807810B90D
:10293C000D2001F089F96868416818488A680AB95D
:10294C00C96821B100218160154940F8141C154952
:10295C0007220A6001680021016042684160124947
:10296C00124AE9610168114301601A2005F0D4FD97
:10297C001920BDE8B04005F0CFBDBDE8B04002F075
:10298C00D3BF00BF7810002014100020440F00208B
:10299C008C010010D0210840B091000014100440AC
:1029AC0051000706000004601D2100000240004099
:1029BC00FEB5D0E9005401A805F076FD95F8340079
:1029CC003649374A384E085C95F83510515C354A13
:1029DC00084395F83610515C2A6B40EA01033168C4
:1029EC0020684F680299B847206840F2F272E1699A
:1029FC002E4B2F4F426494F854209A5C94F8553027
:102A0C00FB5C1A430129426311D10146D4E90A2324
:102A1C0051F8307FFF2A27F4004718BF07F500470D
:102A2C00FF2B0F6009D00A6842F4804208E001468F
:102A3C0051F8302F22F400420A600A6822F48042D6
:102A4C000A60C16A41F01001C162016B41F00101E1
:102A5C000163E16B09B3A16BF9B1012105F0EEFB48
:102A6C00D5F85801E16B40680068C162C0F80415E4
:102A7C0091FAA1F17268B1FA81F153680222984778
:102A8C007068A16B02224368D5F8580191FAA1F144
:102A9C00B1FA81F1406800689847FEBD28920000A9
:102AAC000E90000010920000D00100101A9200004D
:102ABC00159200002DE9F047A4B005F025FD33492F
:102ACC000A78012A04D124B0BDE8F04705F034BDE2
:102ADC004FF0010981F8009005F02EFDFFF738FC4E
:102AEC00082001F0B1F821AC204605F04FFADFF8D0
:102AFC00A0A0294A10212346DAF80C002290254880
:102B0C0003F01EF92548002501AE0478244890F8FE
:102B1C0000804746A74213D8DAF8000050F8271077
:102B2C0021F0FF0046F82700880707D4F8B201F01F
:102B3C00010105F0E1FC09FA07F005430137E9E76B
:102B4C00184805601848C16801F44001B1F5800FC0
:102B5C0007D10068000E56F8201041F0070146F826
:102B6C0020101248A4EB0802042306EB880103EBA7
:102B7C00820240EA880005F027FF0D4820220168F8
:102B8C0062F30D21016024B0BDE8F087C51200206E
:102B9C00A0910000080D0020CD67000042910000BC
:102BAC0041910000D0200240A84F00500010084076
:102BBC000030094080B588B0DDF828C0069005913A
:102BCC00049203930598362810DBFFE7FFE70A9879
:102BDC00059B6A460021116048F68872C0F200021B
:102BEC0003F0DCFEFFE7012007905FE005980699F3
:102BFC00C88141F2D000C2F20000406B059950F838
:102C0C00210047F2A571C0F20001884210D0FFE705
:102C1C00FFE70A98059B6A460021116048F6ED52C1
:102C2C00C0F2000203F0BAFEFFE7012007903DE07E
:102C3C00059802F0BDF9049806994860039840681D
:102C4C000699086003980069013020B9FFE70699DE
:102C5C00FF20087304E00398006906990873FFE7E6
:102C6C000699002088600398007AC00720B1FFE71E
:102C7C00069901208860FFE70398007DC00730B1FA
:102C8C00FFE70699886840F002008860FFE7069825
:102C9C000A9901F09BFD0290029820B1FFE702987F
:102CAC000230079002E000200790FFE7079808B079
:102CBC0080BD70472DE9FE4F4FF4804005F044FC79
:102CCC00A0B1354C35496068D1F8132009786FF301
:102CDC009F5201F00401806842EA417101AA00F0A0
:102CEC0059FC60688168012005F0B4F82E482C4F1F
:102CFC002C4D44F2020B00244FF0000A00F1400965
:102D0C00BAF1020F3CD055F82A80D8F80000A0B3D5
:102D1C00D8F80000806905F017FC0646D8F80000CA
:102D2C000023324604F024FD16F00A0F1ED0D8F80A
:102D3C0000008069B9686BEA00000840B860D8F8F8
:102D4C000000C069396821EA000038601020D8F80A
:102D5C00001005F07FF8D8F80010484604F052FE39
:102D6C00002044F00204C8F8000006E02EB1D8F8A8
:102D7C0000000D4944F4804408650AF1010ABFE7DC
:102D8C0024B10A482146283005F0E6FA01F0E8FAA9
:102D9C00BDE8FE4FFDF7DEBE440F00208503002189
:102DAC000C100440E091000078100020141000205A
:102DBC0080B59AB0199011A8049005F01FFD07A8D2
:102DCC00029005F027FD02994FF461200D90002030
:102DDC000590FEF7CBFB10900720039046F2000104
:102DEC00C2F2000105F0D2FD0599039805F084FBB1
:102DFC00049B41F20421C2F20001C820C87340F6C2
:102E0C000800C2F200004861087B00F0F000087373
:102E1C0040F23060C2F2000041F24021C2F20001E7
:102E2C0041F27412C2F20002FDF74AFB059B014607
:102E3C0040F64050C2F200000160006869464B60E9
:102E4C000B6041F2EC11C2F200011A4600F03CFB9F
:102E5C00FFE700200690109840F60801C2F200012E
:102E6C00C82206AB04F00FFF0698C82814D1FFE760
:102E7C0040F64050C2F200000068694600234B60E7
:102E8C000B6041F20421C2F200011A4604F023FD4A
:102E9C00072005F04DFAFFE740F64050C2F2000063
:102EAC00006801F01BFDD4E72DE9FC4706680446D9
:102EBC00707A00286BD0D4F80490D6F85801D0F86A
:102ECC000480D9F83470204602F0FEFB706F20B3FA
:102EDC0006F14C05284605F074FD316F884221D26D
:102EEC00307902281ED0B06E002850D0204602F057
:102EFC00EBFB346F284605F064FD201AD6F868A069
:102F0C00B46F7067284605F05CFD0021F1740AEB84
:102F1C00040108440190706F0CE0B06E10B1306F7A
:102F2C000028D5D106F14C0001A904F019FA0121B1
:102F3C007067F17458B30021B0F5806FB17384BF22
:102F4C004FF4806070670123019901440139796065
:102F5C001049B96043F6F07101EB00100840B968F4
:102F6C000843B860D9F83C10D9F8000091FAA1F2E6
:102F7C00B2FA82F203FA02F2D8F800309A61D6F86B
:102F8C005821526812689162012105F063F9BDE87D
:102F9C00FC8700BF0180000C80B588B007900799B2
:102FAC008868086200208DF8070040F6AC70C2F209
:102FBC00000090F85E00C007002840D0FFE740F604
:102FCC00AC70C2F2000090F85C00C007B8BBFFE721
:102FDC00012004F08FFF0690069840F6AC71C2F207
:102FEC0000018A68801A0590486D8968401A039020
:102FFC0005980399884221D8FFE701208DF8070036
:10300C000699079A93681944D1600799087540F698
:10301C00AC70C2F20000406D049004980699401AFE
:10302C000290079880680299884206D2FFE70799B8
:10303C008868C96804F06BFEFFE7FFE7FFE79DF8BF
:10304C000700C007E8B9FFE704F050FE06900698A9
:10305C0007998A681044C86007990120087540F6E2
:10306C00AC70C2F2000090F85C00C00740B1FFE702
:10307C0040F6AC71C2F20001012081F85D00FFE75F
:10308C00FFE708B080BD80B584B005F097F941F238
:10309C00D000C2F2000043F60021C2F201014161EE
:1030AC0040F20061C0F20001C161016A4163016A32
:1030BC004EF60850CEF200000160006840F20001AC
:1030CC00C0F2000188422DD0FFE741F2D000C2F2DD
:1030DC000000016A0291406B019000200390FFE711
:1030EC00039835281DDCFFE703980E280BDCFFE75F
:1030FC00039A40F20000C0F2000050F8220002993E
:10310C0041F8220008E00199039A47F2A570C0F239
:10311C00000041F82200FFE7FFE70398013003901D
:10312C00DEE7FFE74EF60C51CEF20001086820F402
:10313C007F400022C0F2FA52104408604EF6225131
:10314C00CEF20001202008704EF61451CEF2000190
:10315C004FF4007008604EF63471CEF2000108682E
:10316C0020F04040086004B080BD70472DE9F84362
:10317C0015460C46804601F0A3FE2C4800212D4F2D
:10318C0001602B4881460068386881692720884790
:10319C00294E2A49306B08403063B06F20F48070A0
:1031AC00B0673868016B4FF4806088473868016BF2
:1031BC004FF4816088473868016B4FF4C0608847D2
:1031CC001F48012101601F48C6F880413160016829
:1031DC00890704D4691C08BF4FF04045C560D9F875
:1031EC000000F0698007FCD5072003F00BFB0228D8
:1031FC00FAD1B8F1000F13D1134C386A816820460C
:10320C0088470428F9D0012804D1386A0321426880
:10321C0020469047D6F8180220F00300C6F8180292
:10322C003868806BBDE8F843004700BF0C4009408C
:10323C002C200940B80100100C200840FFFFFEFEB6
:10324C0028200860100009400040034088B0079017
:10325C000691059205980799896A013908400490EE
:10326C0040B1FFE70798806A0499411A0598084411
:10327C000590FFE70798203003900698029003987A
:10328C0000680190FFE701990020009041B1FFE731
:10329C000199029A0020914238BF01200090FFE76B
:1032AC000098C00730B1FFE70198039001980068BF
:1032BC000190E8E701980299086005980299486026
:1032CC00029803990860019898B1FFE70298059954
:1032DC000844019988420BD1FFE7019800680299D4
:1032EC000860019842680299486810444860FFE7FA
:1032FC00FFE7039807992031884212D0FFE7039823
:10330C0041680844029988420BD1FFE70298006893
:10331C000399086002984268039948681044486011
:10332C00FFE708B07047704770B52548066804F091
:10333C00F7F924480025244C0560206C806C8047EC
:10334C002248006838B122480068B6F1FF3018BF37
:10335C00304600F0D1FC1F4840F2391205601E487F
:10336C00016862F31B4101601C48016801F4405183
:10337C00B1F5805F06D10168194A114001F50032A0
:10338C0002600160174D0126EE612068016A14206D
:10339C0088471548016841F4E021016013482E600C
:1033AC00006800F44000B0F5000F03D1206C416CB4
:1033BC000F4888470F4801680029FCD170BD00BF39
:1033CC001C13005084046042B0010010800128439B
:1033DC00800520438C2108404820034028000940E8
:1033EC00EFFFFCFC0000244300200940B44F0050C8
:1033FC00BD3786000C00684270B5F8B1012858D171
:10340C00012005F0DDF9012853D02D4C94F838013A
:10341C0000284ED12848294E0569306810F4402FF9
:10342C0030D17DB304F0D6FC502005F0B2FA012067
:10343C00A84704F1940005F04FF825E005F0B9FA1F
:10344C001E48006810F4402F0AD11B4804693CB197
:10345C001B48943005F048F804F0ACFC0020A04761
:10346C00174C94F8380120B31648016821F08001FC
:10347C00016080218160032003F002FE002084F8AB
:10348C00380116E005F099FA012084F8380130680B
:10349C0010F4402F00D14DB9207A800606D409488B
:1034AC0080218160016841F080010160032003F0FC
:1034BC0069FE002070BD00BF78910000B44F005031
:1034CC00540D0020902208402DE9F84F1E4614465A
:1034DC000F46814605F018F8804604F0ABFC002836
:1034EC004AD005462848DDF82CB004F0FDFFDFF883
:1034FC009CA0274A0A9B4FF0FF31BAF854001A409F
:10350C00023201306FF31F30AAF854000020AE6075
:10351C0085F83240C5E90379C5E90F100BF020019D
:10352C0085F8440085F838006863C5E90800C5E9EA
:10353C0006218022BAF85410A5F85000C5E91200F3
:10354C0085F833202986397B01F00F01022904D13B
:10355C00012185F83810B968696389F8FC000AF113
:10356C003800294604F04EFADAF83800A84208BFB1
:10357C0002F0DAF92C8E01E04FF6FE74404604F0AE
:10358C00DBFF20B2BDE8F88FE80A0020781000209D
:10359C00FDEFFF9FF0B585B00D4600211446CDE937
:1035AC000311CDE9011101A9009104A903AA02ABF1
:1035BC00FEF75AFF029F002F394618BF0121019ECA
:1035CC000140002E324618BF01221140002D10D4AC
:1035DC0011B3049840F22B2105806FF39F553846A8
:1035EC002A4604F0E7FA0398314602F039F867608E
:1035FC0010E0C9B104984FF0FF316FF39F552A4684
:10360C00018030462B2104F0D5FA0398314602F0A4
:10361C0059F9666015201EE0C8B104984FF6FF7288
:10362C000188914214D110E078B16FF39F55039843
:10363C002B212A4604F0BEFAFF2806D004984FF03E
:10364C00FF3101801420656005E0032005E004983B
:10365C000580658010202080832005B0F0BD80B5EA
:10366C0088B007900798069004F046FD01900698E4
:10367C00483005F030F904F030FE20B1FFE7019836
:10368C0003F06AF94EE0019803F066F940F6245015
:10369C00C2F2000005F029F94FF0FF31FEF770FF80
:1036AC000698483005F017F905F0C6F80590FFE7C5
:1036BC00059800900698483005F00DF901460098E1
:1036CC00884226D0FFE70598029002980069039083
:1036DC00029880680490059805F0B4F8059002985B
:1036EC0004F0E0FC039804F0DDFC0498006850B191
:1036FC00FFE70298C06830B1FFE7049801680298B0
:10370C00C0688847FFE7039900201C2203F04CFF98
:10371C00CEE740F62450C2F2000005F0E6F800F0C7
:10372C0087FFFFE708B080BDF8B505680446D5F8FB
:10373C00F80000B1F8BD68796668022807D105F178
:10374C00D000694604F08EFAC5F8F80009E0D5F807
:10375C00EC10D5F8FC20D5F8F4001144C5F8F800AD
:10376C0000910028E6D031688A6B22F400628A63EB
:10377C0095F84410C9060AD52F6C47B1297A31B98E
:10378C00AB6C204610210022B847D5F8F800B0F5F4
:10379C00806F84BF4FF48060C5F8F8000099336BDC
:1037AC0001444A1E3168B66B1A600E4A9A6043F6A1
:1037BC00F07202EB001010409A6810439860D5F834
:1037CC0058014068006886620846022104F042FDF8
:1037DC00287A0028AED120460121012604F08EF86B
:1037EC002E72F8BD018000C080B588B08DF81F0026
:1037FC0006914FF0FF30059040F6AC70C2F200001D
:10380C000490049805F018F80390039805F020F83C
:10381C000290FFE703980299884242D0FFE7039891
:10382C000190039805F00EF803900198007DC007F5
:10383C00B0B3FFE79DF81F00C007E8B1FFE70198A0
:10384C00C0680699884216D1FFE70198006920B933
:10385C00FFE701990020087508E00199C8680A691A
:10386C001044C860019908690862FFE701988169F2
:10387C00C0698847FFE7FFE70198007DC00770B17A
:10388C00FFE70198C0680699401A009000980599C6
:10389C00884203D2FFE700980590FFE7FFE7FFE7B8
:1038AC00B8E7059808B080BD80B586B0059005983E
:1038BC00002857D1FFE741F2C410C2F20000C068E3
:1038CC00002848D0FFE704F0E7FC04F077FD41F254
:1038DC00C411C2F2000188690490C868C9690191D9
:1038EC0004F0E5FC0146019800EBC1000390FFE7F2
:1038FC000398049988422DD9FFE7039804F018FA2D
:10390C000290039804F0E9FC50B1FFE70298426A78
:10391C0041F2C411C2F20001C8689043C860FFE7CD
:10392C00029801F081FB41F2C410C2F20000C068A1
:10393C0008B9FFE70EE041F2C411C2F20001C868F9
:10394C00C969009104F0B3FC0146009800EBC1007A
:10395C000390CDE7FFE741F2C411C2F20001002051
:10396C000872FFE706B080BD2DE9FC412A4D95F8A1
:10397C006100002844D000240026602C40D095F82B
:10398C006100F040C00702D120340136F5E7112068
:10399C0095F8618000FA06F704F0B6FD95F8611011
:1039AC00B94385F8611004F0C7FD281928D0817A35
:1039BC0031B31021194A2C59B14011EA080190F980
:1039CC00091052F821804668CFB209D001F0B4FA40
:1039DC00002079B200224FF00073009020460EE0D8
:1039EC00017A022902D1C17CC90601D401F0A4FAE2
:1039FC00CDF8008079B2204600224FF00063B0472A
:103A0C0095F8610028B106480021BDE8FC4104F09E
:103A1C00A3BCBDE8FC8100BFC80900209430044061
:103A2C00700B002080B586B0049003910498039B22
:103A3C0047F2B361C0F2000146F6ED22C0F200027B
:103A4C0000F008FB0499C8610498C06918B9FFE735
:103A5C000120059041E00499012081F8200004998F
:103A6C000020486204984069B0F1FF3F0FDCFFE78B
:103A7C00049900208861049941F20C10C2F20000F4
:103A8C002C30C8640499C86C03F048FB22E00498FD
:103A9C004169012088400499886141F20C10C2F2FE
:103AAC000000006A0499496900EBC100009000987D
:103ABC000499C86404F020FB029004F07FFC019090
:103ACC00049804F054FA019804F03FFE029802F0B6
:103ADC0043FFFFE700200590FFE7059806B080BD87
:103AEC0080B586B00490039102920193049804F07F
:103AFC00DBFD0298006804990861039804994861F9
:103B0C000298406804998861029880680499C86199
:103B1C000298C068013020B9FFE7049905200862BB
:103B2C0004E00298C06804990862FFE704990A6AE5
:103B3C000120904048620499002081F828000298E6
:103B4C00006904990863029800690499C86241F2FB
:103B5C00C410C2F20000C06904990A6A00EBC200EA
:103B6C0048630498019904F07FFE0090009820B1FE
:103B7C00FFE70098023005900BE0049800F1080173
:103B8C0041F2C410C2F2000003F0C8FA0020059004
:103B9C00FFE7059806B080BD2DE9F84FFF2831D01E
:103BAC00264B0C4605464FF4BE21AF0004F002082C
:103BBC0043EA80004158C9B2914227D121489A4624
:103BCC004FEA142947EA0006834604F09DFC0BF1EA
:103BDC000101220C86F8009039430A7046F002016C
:103BEC00220E0A7004F0A8FCB8F1000F02BF45EADF
:103BFC000A0004F0010101701148012181EA580109
:103C0C00384316E04FF0FF30BDE8F88F00F5BE20CA
:103C1C0024F0FF0162B9B8F1000F02BF2B4304F08E
:103C2C0001041C70064B012484EA58043B431C60BD
:103C3C00114301600020BDE8F88F00BF0020024056
:103C4C00001A4442011008402DE9F041254E05466A
:103C5C00371804F059FC044697F84A01411C87F8C0
:103C6C004A1128B1204604F067FC0020BDE8F08121
:103C7C00DFF8748018F8257007F03F00142898BFFF
:103C8C00FFF7E2FF08EB8500458878B2B0F1FF3F03
:103C9C000CDD78061FD41548006841692846884712
:103CAC00284602F0D1FD0128FAD1DBE70F4E30682F
:103CBC00C169284688473068416A28468847306879
:103CCC00C16A284688470A480121016009480168F1
:103CDC008907FCD5C6E706EB8500D0F860110120FA
:103CEC008847BFE7540D002068900000B801001011
:103CFC002820086028200840F8B505462248234EA5
:103D0C004168890705D40168F02242EA114186F81E
:103D1C004D101F494FF001221F4F0A601D490988A1
:103D2C0039680968846820468847A00105D4E001F9
:103D3C0003D5307840F00200307038682146426874
:103D4C002846904703F0D8FC1448154A0068C0F385
:103D5C0005311170C1054FF0130158BF23214023C9
:103D6C007354382101EA901000F56050A2F85C0001
:103D7C003868816820468847022003F019F8094802
:103D8C0001210160F8BD00BFAC4F00500962084032
:103D9C0004A40C4000A00C40F00100100C140050C6
:103DAC000EB00C40940460428B4208BF824207D98B
:103DBC00009A002A01D01060516000210020704749
:103DCC00002B08BF002A10D1009A002A01D01060E5
:103DDC00516002000B0000210020002B08BF002ABC
:103DEC001CBFC943C043FEF75EBDF0B51C4615466B
:103DFC000B46024600200021B4FA84F6202E04BFA4
:103E0C00B5FA85F62036B3FA83F7202F04BFB2FA41
:103E1C0082F72037F61BB6F1200727BF05FA07F407
:103E2C0000257F42B4403EBF25FA07F73C43B5401E
:103E3C00A34208BFAA4201D3521BA34140414941AE
:103E4C006D0845EAC4756408761EF1D5059F002FF0
:103E5C0001D03A607B60F0BDF8B5254F05463E18A1
:103E6C0004F052FB044696F84A01013886F84A01E0
:103E7C00000637D11F4810F9251000EB8500458846
:103E8C00CEB2B1F1FF3F0CDD70061FD41A480068AA
:103E9C00816928468847284602F0B4FC0228FAD1EA
:103EAC001AE0154F3868016A284688473868816AD5
:103EBC00284688473868016B284688470F480121F7
:103ECC0001600F4801688907FCD505E007EB850008
:103EDC00D0F860110020884706F03F00142898BFE6
:103EEC00FFF7BAFF204604F027FB0020F8BD00BF07
:103EFC00540D002068900000B801001028200860C4
:103F0C00282008402DE9F041002918D41F461546F9
:103F1C000E46044604F068FB80462046314680225B
:103F2C0002F0B4FC20B1064690F9330000280AD404
:103F3C00404604F069FB00210220BDE8F08100201E
:103F4C000021BDE8F081D6E9080145F00A0547F0EB
:103F5C00E04728403940084310D0404604F054FB59
:103F6C00D6E9082303EA070102EA050042404B4068
:103F7C00C4E92C01C6E90823BDE8F081B1680B48FF
:103F8C00814203D0B168C4F8A810B0604046C4E9BF
:103F9C00285704F039FB04F150004FF0FF3103F0C7
:103FAC001EF8D4E92C01BDE8F08100BF615A000075
:103FBC0010B586B00146427E8068002343F60604A5
:103FCC000593CDE903330293438003881C1B022C19
:103FDC0010D3B3F5C15F03D040F60204A34212D153
:103FEC00038A002A23F4FE6312BF038243F4347263
:103FFC00028208E0038B23F4FE630AB1038302E020
:10400C0043F43472028300224A7602A9009105A976
:10401C0004AA03ABFEF728FA28B105984FF6FF71F6
:10402C00008888420ED0049C0299204601F018FBAF
:10403C000748016821B1204606B0BDE8104008478A
:10404C0006B010BD049C0299204601F03BFCEFE742
:10405C0084120020B0B58CB00B900A910992089391
:10406C000B98049049F24520C0F200000078C0077C
:10407C00A0B1FFE70498C06A05900498806A069086
:10408C00FFE7069848B1FFE70599481C0590BE204C
:10409C000870069801380690F3E70FE049F24420C7
:1040AC00C0F200000078C00738B1FFE70498C06A7E
:1040BC0005900599BE200870FFE7FFE7DDF810E0DA
:1040CC00DEF82810DEF82C00DEF83420DEF838405C
:1040DC000439099BDDF828C0DEF83C50EE46CEF8DA
:1040EC000850CEF80440CEF800C0FCF70BFF079048
:1040FC0007980CB0B0BD70472DE9F84F00248046EE
:10410C00002100220460684600F0D8FA204DDFF848
:10411C0084A081464FF0FF374FF0190B0020602C24
:10412C001ED02A19917AB9B1107A022816D0DAF871
:10413C000400418B0069084495F8621011FB0B01D7
:10414C00506903F0DFF8064604F02EFBB6FBF0F0E6
:10415C00B84238BF074601202034E0E70120002791
:10416C0009EA0001012904D10099B94238BF0F4670
:10417C0006E0B9F1000F01D0009F01E0C10701D0AA
:10418C00C8F8007040EA090000F00100BDE8F88FA3
:10419C00C8090020440F002080B586B0FFE741F22B
:1041AC000C11C2F2000100200874FFE741F20C1060
:1041BC00C2F20000C06818B9FFE703F0C5FBF5E7D1
:1041CC0041F20C10C2F200000190016A0291C06829
:1041DC0004F06DF801990246029800EBC2000590BC
:1041EC000598C969884218D9FFE741F20C11C2F24F
:1041FC0000010091886904900598C861059804F045
:10420C001BFB0146009881618069039004981C3067
:10421C0003991C3103F024FBFFE7FFE741F20C107C
:10422C00C2F20000007CC0070028B8D1FFE706B03E
:10423C0080BDF8B50446FD201D468DF803002046D0
:10424C001E68324600F041F810B101208DF80300D1
:10425C009DF80300FD2815D1A6B1E068007B00F0A5
:10426C000F0002280ED13768204631463A4600F03E
:10427C002CF820B9002F3E46F5D1002602E0022092
:10428C008DF803009DF80300FD2804D1E06B10B1FC
:10429C0004208DF803009DF80370042F0FD0022F1B
:1042AC0006D0012F0FD12846214603F0BDFB0AE0B2
:1042BC00326822B12846214603F0FAFA03E0284678
:1042CC00214603F09FFB78B2F8BD70B5B2FA82F3C9
:1042DC00B1FA81F45B096409B0B312B190F844509F
:1042EC006DB389B191F844406CB3446B0E69096CA1
:1042FC0005698908A408AE4214BFED68002529445D
:10430C00611AB1F1704F22DAB2B1D168097B01F0B8
:10431C000F01022915D1516B0569006C14698008D5
:10432C008908A54214BFE26800221044081AB0F1B3
:10433C00704F01DB012804DB0124012304E000237E
:10434C0002E0012400E0002404EA030070BD002414
:10435C000029C8BF0124002AF6D00129D5DAF3E7D9
:10436C002DE9F84F204E214FDFF8848000254FF0C7
:10437C00010B4FF002094FF0110A602D08BFBDE888
:10438C00F88F7C192ED0A07A01282BD1607A41B2FB
:10439C000BFA00F01131C0B20BFA01F1CA433260D2
:1043AC0072681143716003F029FE04F110000021C2
:1043BC0003F076F8812809D1A06920B1002103F01F
:1043CC006FF8812802D184F80A900BE0607A97F894
:1043DC0061100AFA00F00843002187F8610040469A
:1043EC0003F0BAFF2035C8E708100440C8090020C4
:1043FC00700B002080B584B0039002910298006885
:10440C00082805D8FFE7039908208862009007E088
:10441C000298006803998862029800680090FFE790
:10442C00029840680399C8610298806803994862B1
:10443C000398C069009901390840019078B1FFE7F1
:10444C0000980199401A0190019A0399C869104487
:10445C00C861019A0399486A801A4862FFE7039978
:10446C00486A009AB0FBF2F050434862039800F19E
:10447C00100141F29C20C2F2000002F04FFE0398A2
:10448C0003F023FC04B080BD80B5A2B02190209134
:10449C0041F2D000C2F2000001210171806838B9EC
:1044AC00FFE741F2D001C2F2000102A88860FFE7E9
:1044BC002198FCF759F9032003F0B2FB4EF6045097
:1044CC00CEF200000068C0B2019001980E2810D8FE
:1044DC00FFE7FFE7019B2198806B6946086048F66F
:1044EC00CC42C0F200020021084602F057FAFFE766
:1044FC000FE0FFE7019B2198806B6946086048F646
:10450C007662C0F200020021084602F047FAFFE78B
:10451C00FFE722B080BD80B586B041F2C411C2F273
:10452C00000188690590C868C969029103F0BFFE53
:10453C000146029800EBC1000490FFE7049803F0D9
:10454C00F7FB0390049803F0C8FE50B1FFE7039803
:10455C00426A41F2C411C2F20001C8689043C860BB
:10456C00FFE7039800F060FD41F2C410C2F20000B6
:10457C00C06808B9FFE713E041F2C411C2F20001B0
:10458C00C868C969019103F092FE0146019800EBDD
:10459C00C1000490FFE7049805998842CED8FFE744
:1045AC0006B080BD80B588B0069005910492039347
:1045BC0041F2D000C2F20000406B059950F8210086
:1045CC0047F2A571C0F20001884203D0FFE700203A
:1045DC0007902AE006980599049A039B41F26C2CEB
:1045EC00C2F2000CEE46CEF800C001F001FC0190C6
:1045FC00019818B9FFE70020079016E041F2D000AF
:10460C00C2F20000406B059950F8210047F2A571E9
:10461C00C0F20001884203D1FFE70020079004E0BC
:10462C000698029002980790FFE7079808B080BDA3
:10463C0080B586B0059005981430019003F05CFDB0
:10464C00049003F0BBFE0390019803F046FEB0B15A
:10465C00FFE70598007CC00720B1FFE70599012012
:10466C00488205E00598408A013005994882FFE7A9
:10467C00039804F06AF8049802F06EF91BE00198B4
:10468C0003F056FB02900299012008740298C0684E
:10469C0028B1FFE70298C06804F065F8FFE70298BC
:1046AC008068039902F046F8039804F04EF80498D9
:1046BC0002F052F9FFE706B080BD704710B5044612
:1046CC001E4849B138300068B0B1C3681B7B03F099
:1046DC000F03022BF7D101E0806B68B102B11060BF
:1046EC00C268137B03F00F03022B08D151B101698F
:1046FC008A8DC968114415E0002100201CE00120BE
:10470C00002119E012880169A2F60302012A4A8BE2
:10471C008CBF0969496919231144094A92F862202E
:10472C0012FB0311406B02F0EDFD206004F03CF82D
:10473C002168B1FBF0F10120216010BD7810002040
:10474C00C80900202DE9F84F07461E4815460E46AD
:10475C00009300F138094C4624680CB1B442FBD1EB
:10476C004FF0000A00F1400B44B32069D4F80080EC
:10477C00B84220D1204600224FF0805302F0F8FFBF
:10478C00009870B1204600224FF0807302F0F0FFC9
:10479C0030690D49086291F8240040F0010081F85D
:1047AC0024004846214602F093FF5846214603F068
:1047BC0029F90AF1010A002D4446D5D15046BDE82D
:1047CC00F88F00BF781000201410002080B584B042
:1047DC00039002910398B0F90E0001900398007AAF
:1047EC008007002805D5FFE70398007B1F280BD80E
:1047FC00FFE70399B1F90E00496802F023FD039914
:10480C00C8894042C88112E041F2D000C2F20000D7
:10481C00406A009003980099019A41F8220001988F
:10482C0042F24121C0F2000102F00CFDFFE70198B9
:10483C000399097B02F048FA0398007AC00720B16B
:10484C00FFE7019800F08BFDFFE7039900208860DB
:10485C0004B080BD80B588B0079006910592049392
:10486C00049804F04CF88DF80B00079838B9FFE762
:10487C0041F2C020C2F2000000680790FFE70598E3
:10488C0020B9FFE704F0AAF80590FFE70798D0F8E5
:10489C0000C00699059A049BE04703900398C8B999
:1048AC00FFE79DF80B00C00728B9FFE7049804F058
:1048BC0026F878B9FFE7FFE70498079B06996A4644
:1048CC00116048F6FF62C0F20002002102F066F8A7
:1048DC00FFE7FFE7039808B080BD0000F8B5044679
:1048EC0003F012FE1A4F05464FF0FF30386204F108
:1048FC00B80003F0F9FD174EB6F85600B6F8541090
:10490C00884210D1144890F82400397E022918BF2F
:10491C00002808D0284603F00FFE072000F034FED4
:10492C0003F0F2FD0546B6F85600B6F8541088426E
:10493C0006D10A4803F0D8FD082002F0BBFB02E0C8
:10494C00012084F8FC002846BDE8F84003F0F4BDD3
:10495C00440F00207810002014100020E80A0020DA
:10496C0084B003908DF80B1041F2D000C2F200001D
:10497C00C169039A51604069039988600398806803
:10498C00019001980078BE3818BF01208DF8030003
:10499C009DF80B00C007D0B1FFE79DF80300C007DE
:1049AC00A8B9FFE7FFE7019801300190FFE70198F4
:1049BC000078BE28F7D0FFE70398406801994B1E9A
:1049CC00019303998A68D21A1044086003E0039992
:1049DC0000200860FFE79DF8030000F0010004B020
:1049EC007047000070B50568D5F8F81031B3D5F8EC
:1049FC00582144685668A16B20683268D162022144
:104A0C0003F01CFCD5F85801A16B154A40680068EE
:104A1C00C0F8041591FAA1F112683068B1FA81F16D
:104A2C00926990470446D5F8F800011B6879022872
:104A3C0006D105F1D00002F07CFC0BE000240CE068
:104A4C00D5F8F400D5F8FC200A44401AC5F8FC202F
:104A5C00C5F8F4000020C5F8F800204670BD00BF72
:104A6C00D401001080B58CB000200B9003F04BFCEF
:104A7C00FEF720F805A8019002F0EBFD019801214A
:104A8C0004910291029902F04DFD0390039810B12C
:104A9C00FFE7FFE7FEE705A8009004A902F040F845
:104AAC0000984FF4036103F09DFC01460398084302
:104ABC000390039810B1FFE7FFE7FEE742F6BD5203
:104ACC00C0F200020AA805A90023FCF7C1FE03905E
:104ADC00039810B1FFE7FFE7FEE703F0DDFC0020D1
:104AEC000CB080BD80B584B08DF80F00142000216F
:104AFC00029103F001FD02988DF80E00FFE79DF87E
:104B0C000E0007281FDCFFE70A200190002103F0AC
:104B1C00F3FC9DF80F009DF80E10C1F10701C84081
:104B2C0000F00101092003F0E7FC0198012103F0DA
:104B3C00E3FC082003F02DFFFFE79DF80E00013089
:104B4C008DF80E00DBE70A20002103F0D5FC1420C1
:104B5C00012103F0D1FC4FF42F7003F01AFF04B0C5
:104B6C0080BD80B58CB00A9009910892089838B92C
:104B7C00FFE70A980999002202F04CFA079028E006
:104B8C000898806849F23821C0F20001096888420F
:104B9C0008D3FFE708988068013018B1FFE70020C0
:104BAC000B9019E002A8019003F08AFA019A089878
:104BBC00006803900898406804900898C0680690B4
:104BCC000898806805900A98099902F023FA0790D2
:104BDC00FFE707980B90FFE70B980CB080BD80B5F2
:104BEC0084B0039003F020FD0290039802990864AE
:104BFC000120694601F0D6FAFFE70298406C30B10B
:104C0C00FFE70298406C012102F00EFDF5E70298D7
:104C1C00FEF725FD0298006B38B9FFE702981030BB
:104C2C0003F063FEFFF704FD0FE003F065FA01905B
:104C3C0041F2BC21C2F200010868029A106002988D
:104C4C000860019801F088FEFFE70298C0684FF0F9
:104C5C00FF31FDF7C3F904B080BD80B588B0079073
:104C6C0000208DF80B0007980390012001F03CF810
:104C7C000398036C426C816DC06DC918504104914E
:104C8C000590DDF812000190BDF81400049A039B06
:104C9C00B3F854101B6DD21A884104D2FFE70120DF
:104CAC008DF80B00FFE7039801999DF80B2002F09B
:104CBC00010200F01BFB0399886DCA6D4A650865FB
:104CCC000498059A0399CA65886503998869C96926
:104CDC00884708B080BD80B586B041F2C410C2F2DE
:104CEC00000000908069059003F068FB0099039028
:104CFC00C868C969019103F0DAFA0146019800EB22
:104D0C00C100049004980599884216D9FFE703F076
:104D1C00F3F9029044F22350C0F2000003F009F9B9
:104D2C0041F2C411C2F2000100200872039803F092
:104D3C000CFD029801F010FE09E041F2C411C2F220
:104D4C00000100200872039803F0FFFCFFE706B097
:104D5C0080BD80B58AB00990089107920693012016
:104D6C000490039003F02AFB03F0C6F9049003F0BF
:104D7C00B5F90390002002F053FF8DF817004EF6A2
:104D8C000450CEF200000068C0B2029041F2D00094
:104D9C00C2F20000406A01900198029950F821007B
:104DAC00069009980699886003F076FA06990868C7
:104DBC004968884703F002FB9DF8170002F030FFAA
:104DCC000499039800EB01200AB080BD80B58CB02B
:104DDC0041F2C620C2F200000078C00708B1FFE71C
:104DEC002FE041F2C621C2F20001012000900870B0
:104DFC0003A8019002F002FF0098019A0023069389
:104E0C0040F2C021C2F2000107914FF400710891E9
:104E1C008DF82C0049F22410C0F20000039040F6EB
:104E2C009020C2F20000029048F29561C0F200019D
:104E3C0001F03EFB029841F20C11C2F200014863F2
:104E4C00FFE70CB080BD00001A481B4AD0F8841054
:104E5C0000681140194A914211D1C0F30332C0F3DA
:104E6C004061082A0ED0092A11D00F2A07D102025C
:104E7C0013D400F08072A9B1A2B1112000E0FF2080
:104E8C0040B270470A20002908BF0C20F8E74FF009
:104E9C00FF30002908BF0920F2E70E20002908BFC7
:104EAC000D20EDE70B20002A18BF1020002918BF99
:104EBC000F20E5E79412005000F0FF0F0010B40B28
:104ECC0010B517480168890726D417480468A00252
:104EDC0021D41648006800688047C0F13E000722C4
:104EEC00C1100729B8BFC210012000EB24718A42FF
:104EFC00D8BF0A460E490968C1F30321891A0F2944
:104F0C00A8BF0F210129D8BF014641F0F000094983
:104F1C0081F84D00087810BD0249C16010BD00BF7A
:104F2C0010000940FD000040B44F0050EC0100108F
:104F3C000C1300500D620840F8B5054603F0E4FA76
:104F4C000446A87A50B36F7A012602F093FF697A6F
:104F5C0048B1154A48B21130536806FA00F0834341
:104F6C00C0435360106006FA01F31049002206FAA0
:104F7C0007F02A72AA72C5E90422AA61C5E90022C7
:104F8C0091F8605091F862202B4381F8603012B197
:104F9C00013A81F86220C0B202F08CF82046BDE8DC
:104FAC00F84003F0C9BA00BF08100440C80900203B
:104FBC0084B00390039810281ED3FFE70398103891
:104FCC00400901900398103800F01F01012088401F
:104FDC00009001994EF20010CEF2000050F8210022
:104FEC000099084002900098019A4EF28011CEF27E
:104FFC00000141F8220014E003980F280DD1FFE7BF
:10500C004EF21001CEF20001086800F0020002908E
:10501C00086820F00200086002E000200290FFE720
:10502C00FFE7029804B0704780B588B0079041F252
:10503C00C411C2F2000101910869069048690590FB
:10504C00886904900798406B8861079848610798B5
:10505C00006B0861079AD06A1063079A002082F8E7
:10506C00280008720120029002F0DAFD8DF80F0082
:10507C0003F012F907994A698869C969904703F0E6
:10508C009DF99DF80F0002F0CBFD01990298087272
:10509C0004988861059848610698086108B080BD3D
:1050AC0080B584B003900398C06C029041F20C1050
:1050BC00C2F20000C06801900398806900900398C8
:1050CC0002F0F0FF029803F008F948B1FFE70198ED
:1050DC000099884341F20C11C2F20001C860FFE74D
:1050EC0041F20C10C2F2000080690399884207D18A
:1050FC00FFE741F20C11C2F200010020C861FFE78A
:10510C000399022081F8200041F20C11C2F2000137
:10511C000120087404B080BD80B59AB003F04EF93C
:10512C0002A81890FFE741F20C10C2F20000C06810
:10513C0018B9FFE702F008FCF5E741F20C10C2F2D7
:10514C0000000190016A0091C06803F0B0F8019969
:10515C000246009800EBC20019901998C861199882
:10516C0003F06AFB0199886100200874022002F0A8
:10517C0057FD03F091F803F021F902F0E9FE0199D3
:10518C0018981C3089691C3102F06AFB1AB080BD7A
:10519C00F8B5054616484BF2F521174E006800FB92
:1051AC0001F714483C0A006800F44020B0F5802F49
:1051BC0010D11248006880030CD4F0680068804756
:1051CC0001F028FD3168C9688847C010390B484385
:1051DC0004EBE0342DB90A48006820F07F402044ED
:1051EC0044083069416C2046BDE8F840084700BFD0
:1051FC0008400C40B44F0050E00100108C130050DC
:10520C0010200940F8B5164F1648BD6C03F0A4F9F0
:10521C000446154801680668214011F0200318BFA8
:10522C00002D0AD0284600223D6502F0A1FA0F4855
:10523C004FF48041283003F08FF804EA060010F494
:10524C00602008BFF8BD0A4991F8612042EA50403D
:10525C0081F8610007480021BDE8F84003F07CB8F4
:10526C007810002020000E000C10044014100020B8
:10527C00C8090020700B002080B584B00390029107
:10528C000398406A029908600299002048600299CC
:10529C00886040F66040C2F2000001F0E1FB019032
:1052AC000398006A0090FFE70098B0B1FFE7009800
:1052BC0042680299486810444860029880680099D6
:1052CC004968884205D2FFE70098406802998860D7
:1052DC00FFE7009800680090E6E7019940F660400F
:1052EC00C2F2000002F0E0FC04B080BD80B586B0D4
:1052FC00059004918DF80F2003F0FDF98DF807004F
:10530C0003F046FA029004980299401AB0F1004F4B
:10531C0004D9FFE702980630049012E00298049931
:10532C00401A063000280BD4FFE704980299063186
:10533C00884204D2FFE7029806300490FFE7FFE7AB
:10534C00FFE70499012000F003FE9DF80700C00759
:10535C0018B9FFE703F0D6F9FFE706B080BD84B0BB
:10536C000390039810281AD3FFE7039810384009CC
:10537C0001900398103800F01F0101208840009024
:10538C0001984EF20011CEF2000151F82000009A63
:10539C00104002900098019A41F8220014E0039802
:1053AC000F280DD1FFE74EF21001CEF20001086874
:1053BC0000F002000290086840F00200086002E071
:1053CC0000200290FFE7FFE7029804B07047F0B5A9
:1053DC0040F6FF7C10F8013B0024082CFAD006465E
:1053EC00DF0716F8015B0DD1467806F00F0703377F
:1053FC00122F0DD190F90220D7B2B2F1FF3F09DD87
:10540C0003300DE001F8015B304601345B08E4E742
:10541C00023006E0C27807F07F07043047EAC21773
:10542C001237320942EA0515654508BFF0BDED4358
:10543C00002FEAD04A5D013F0A700131F8E780B5D0
:10544C0086B041F24810C2F2000090F82800C00764
:10545C0008B1FFE728E041F24811C2F20001012037
:10546C0081F8280041F67001C2F20001059145F661
:10547C007000C2F20000401A049002F0D7FF01A89D
:10548C00009002F0CAFF00990598029004980390CE
:10549C0040F60C40C2F2000000F002FD41F2C021C7
:1054AC00C2F200010860FFE706B080BD80B586B08F
:1054BC0001F046FC1420019046F20141C2F20001B9
:1054CC0003F064FA0A20029046F20041C2F2000195
:1054DC00009103F05BFA00990920039003F056FA4F
:1054EC000820049042F20201C2F2000103F04EFACD
:1054FC00B9208DF817009DF81700FFF7F3FA019803
:10550C0001F06AFB029801F067FB039801F064FB61
:10551C00049801F061FB06B080BD80B588B040F600
:10552C00AC70C2F2000090F86500C00708B1FFE74C
:10553C0028E040F6AC70C2F200000290012180F825
:10554C006510002102F0BEFE00F0D6FC03A801900D
:10555C0002F0B6FD019A029805210691103041F631
:10556C007551C0F2000141F26C23C2F2000301F04C
:10557C009BF80299C86400F09EFA03F065F8029952
:10558C008865FFE708B080BD70B5054602F0BCFF2A
:10559C00174E044696F82400A84386F82400306879
:1055AC0020B1B83002F090FF054600E0002570688D
:1055BC0018B1B83002F088FF054396F8240030B9D2
:1055CC002DB9306A18B190F82810890704D42046F8
:1055DC00BDE8704002F0B0BF456A204602F0ACFF57
:1055EC00306A022100220024A847346270BD00BF3B
:1055FC0014100020B0B5174C6068216801EA000552
:10560C0021EA0002680622601DD51348006800F4E8
:10561C004000B0F5000F03D11048006801F016FDF2
:10562C00042003F0CDF8811E022905D201F030FCD4
:10563C00022001F025FD03E0012808BF01F028FC41
:10564C00202001F0E7FD280648BF00F099FEA56078
:10565C00B0BD00BF90220840B44F0050AC120020E7
:10566C0089B36FF0C0020B0E02EA8112202B05D019
:10567C00212B05D0A02B05D1302118E0102116E0EC
:10568C00202114E0B1F1807F01D240210FE0102BDA
:10569C0005D0112B05D0402B05D1702107E05021EE
:1056AC0005E0602103E09021502B08BF80211143BD
:1056BC0041F00F0104C8531C18BF8A42FAD14FF0B5
:1056CC00FF3140F8041C704770B50468616F59B322
:1056DC00D4F8582145685668E96B28683268D1625D
:1056EC00012102F0ABFDD4F85801E96B0F4A406878
:1056FC000068C0F8041591FAA1F112683068B1FA8B
:10570C0081F192699047616F091AE07C20B104F134
:10571C004C0001F0D9FB05E0206FA26F401A206706
:10572C005018A0670020606770BD00BFD401001046
:10573C0080B584B0039002F041FE0190039841695A
:10574C000020B0EB914F03D1FFE70420029003E05F
:10575C000398C08A0290FFE703F01AF801460298FA
:10576C00084402900120009000F0BEFA00980299C3
:10577C0000F0EEFB40F28410C1F2000000680268F9
:10578C00002023219047009800F08EFC019802F035
:10579C00DCFF04B080BD80B584B003900291029808
:1057AC00012801D1FFE727E00398B0F90E00B0F112
:1057BC00FF3F06DCFFE70398B0F90E004042019072
:1057CC0004E00398B0F90E000190FFE70198FFF791
:1057DC00EFFB019847F2A571C0F2000101F032FD18
:1057EC0041F2D000C2F20000406A00900099019A88
:1057FC00002041F82200FFE704B080BDB0B5134D86
:10580C000124E86B01680120884701281BD0286817
:10581C003C21012200230024C5680D48A84790B103
:10582C0001F01AFB0B480C490068D1E90023886091
:10583C00C01A0A4BA2EB92025843B2EB104F98BF1E
:10584C00020C01240A602046B0BD00BFA401001068
:10585C0000A00C40302009403012002040420F00C4
:10586C00B0B51448144D807B95F83911084306D017
:10587C0002F04AFE95F83B1121B102F05DFE0024C6
:10588C002046B0BD012485F83B4102F055FE0220B4
:10589C0001F078FC0D20FEF7D7F9084801680029C3
:1058AC00EED1074940220A604A60002185F83A117E
:1058BC00C461E4E778910000540D002004800C4092
:1058CC0038500C4079B36FF0C0020B0E02EA811213
:1058DC00202B05D0212B05D0A02B05D1302118E091
:1058EC00102116E0202114E0B1F1807F01D240217B
:1058FC000FE0102B05D0112B05D0402B05D17021BA
:10590C0007E0502105E0602103E09021502B08BFF7
:10591C008021114341F00F0104C8531C18BF8A4267
:10592C00FAD140F8041C70471CB51548017E0229B9
:10593C0004D11920BDE81C4002F0F6BD017E0129FE
:10594C001DD0007E04281AD002F0DEFD044601A80A
:10595C00FEF7D2FB28B101990A4831B102F032FCB2
:10596C000AE0084802F0C0FD06E002F0BDFD064862
:10597C000421283002F0F0FC204602F0DDFD1CBDB5
:10598C00440F00202C0B002014100020B0B54FF059
:10599C00FF3002F0D9FD104D04461049E8698842E9
:1059AC000DD10F480F49002202F01AF80220287678
:1059BC0001F000FC18B9FEF7D3FCFBF7CBF80A4852
:1059CC00044208BFB0BD09484FF000512830BDE873
:1059DC00B04002F0C1BC00BF440F00203D000000ED
:1059EC0078100020C12C0000020000401410002090
:1059FC002DE9FF41144DD5E900673879FEF724F9FC
:105A0C0002F082FD04463078B0B90DF1040840462E
:105A1C0002F0BCFAB87979790C4A434601950290A8
:105A2C00301D00F08DF938684FF0FF31C162084924
:105A3C008160012131704160204602F07DFD0248F9
:105A4C0004B0BDE8F08100BFF0910000C5880000F3
:105A5C00001800202DE9F041D0F8A8501F4616463A
:105A6C008846044625B12046414632463B46A84767
:105A7C00D4E928010F40064056EA070008BFBDE8EC
:105A8C00F08120464146802200F000FFC4E92C67DB
:105A9C0040B1D4F8A8108160D0E90812B143BA43E0
:105AAC00C0E908120020C4F8A80004F15000BDE8B9
:105ABC00F04102F091BD80B588B0FDF734FC01A82F
:105ACC0002F08AF849F23420C0F20000006803901A
:105ADC0000208DF8100049F21F20C0F20000007861
:105AEC00012804D1FFE702208DF8040003E0002018
:105AFC008DF80400FFE768460021016040F6302075
:105B0C00C2F2000048F25D42C0F2000201ABFBF7AA
:105B1C00CEFA08B080BD00000F280ED840F2025219
:105B2C00DFE800F014101210080D081010100D1002
:105B3C000810100D4FF2011208E01E2802D141F29C
:105B4C00011203E0002201E04FF4817231B1FF2910
:105B5C0007D14FF203101040C03008E042F0300083
:105B6C0005E0C8070CBF42F0200042F01000000412
:105B7C0000F20370704780B584B0039002F01EFCF5
:105B8C000290039890F82800C00720B1FFE7029814
:105B9C0002F0DBFD1CE00399012081F8280002F0E3
:105BAC009DFA01900399486B01F01EFE0398426A1E
:105BBC0041F2C411C2F20001C8681043C8600298D7
:105BCC0002F0C3FD019818B9FFE7FFF784F8FFE76F
:105BDC0004B080BD80B58AB00990089107920693F5
:105BEC00069838B9FFE709980899079A002301F03D
:105BFC0059FB16E003A8019002F021FC019B0698CA
:105C0C00806805900698007800F001008DF80C0073
:105C1C0006984068049009980899079A01F042FB8D
:105C2C00FFE7099802F052FE029002980AB080BD7C
:105C3C0080B588B0079006910592049340F66040B9
:105C4C00C2F20000019000F00BFF03900798069938
:105C5C00059AFBF7EAFF014601980291039902F0BD
:105C6C0023F8029878B9FFE7FFE70498079B069999
:105C7C006A46116048F66052C0F20002002100F042
:105C8C008DFEFFE7FFE7029808B080BD80B582B0BB
:105C9C0041F20C10C2F2000090F83800C00708B1B5
:105CAC00FFE71FE041F20C11C2F20001012081F864
:105CBC003800FEF720FA00200190FFE70198052834
:105CCC0010D8FFE741F20C10C2F20000006A0199F3
:105CDC0000EBC100002102F0F5FAFFE7019801305A
:105CEC000190EBE702B080BD81B000909DF8000000
:105CFC00C00738B1FFE742F20401C4F209010120E8
:105D0C000860FFE79DF800008007002808D5FFE732
:105D1C0042F20401C4F209014FF480700860FFE7FD
:105D2C009DF800004007002808D5FFE742F2040167
:105D3C00C4F209014FF480300860FFE701B07047EE
:105D4C0080B58CB00B900A9109920893089840B9D1
:105D5C00FFE70B980A99099A0023FEF723FC07909A
:105D6C0017E001A8009002F073F9009B08980068F6
:105D7C0002900898406805900898007A00F001009D
:105D8C008DF80C000B980A99099AFEF70BFC0790FA
:105D9C00FFE707980CB080BDB0B5124949684A6856
:105DAC00D2E90115D46860B155EA040005D00E485B
:105DBC000022C2610D4A5032026021B1FBF7D5FBC3
:105DCC0001E001B1884755EA040008BFB0BD02F0FC
:105DDC00B9FA05B1A84704B1A0470448BDE8B040E2
:105DEC0001F0C8BF440F002000100440010007065A
:105DFC0080B586B0DDF820C0059004910392029323
:105E0C0000200190029830B9FFE749F26010C0F20F
:105E1C0000000290FFE705980499039A029BDDF8B5
:105E2C0020C0EE46CEF800C0FCF7C4FE01900198ED
:105E3C0038B1FFE705980199FFF7ADFC00200590FC
:105E4C00FFE7059806B080BD00B5EFF3038212F0B2
:105E5C00FF0F0DD06A46A2F1200282F309886FF081
:105E6C00020E10604FF08071D1610B499161704747
:105E7C005DF804EB694681F3098880F308884FF0DC
:105E8C000200EFF3148180F314880448016821F0B8
:105E9C0040410160704700BF7C5E000034EF00E0C1
:105EAC0080B582B001900091009830B9FFE749F2BB
:105EBC00BC10C0F200000090FFE701980099FEF7BB
:105ECC0099FA019945F63D40C0F20000086001992D
:105EDC0047F28120C0F200004860019948F26570D9
:105EEC00C0F200008860019945F28520C0F20000E4
:105EFC00C860019802B080BD80B582B041F2C41078
:105F0C00C2F2000090F82400C00708B1FFE71DE0C2
:105F1C0041F2C411C2F20001012081F824000020DA
:105F2C000190FFE70198052810D8FFE741F2C41053
:105F3C00C2F20000C069019900EBC100002102F01F
:105F4C00C1F9FFE7019801300190EBE702B080BD89
:105F5C0082B0019000919DF80400C00738B1FFE7B2
:105F6C00009842F21801C4F209010860FFE79DF89D
:105F7C0004008007002807D5FFE7009842F21C01B7
:105F8C00C4F209010860FFE79DF8040040070028EF
:105F9C0007D5FFE7009842F22001C4F2090108601E
:105FAC00FFE702B0704710B586B005908DF813105E
:105FBC00059802F013F90191009000980199059B46
:105FCC001A6C5B6C02F0DCF9039102909DF81300E3
:105FDC00C00780B1FFE7DDF808C0039805990B6C8A
:105FEC00D1F844E0ACFB03240CFB0E4C00FB03C0CB
:105FFC008A64C864FFE7029806B010BD80B586B00D
:10600C000590049103920293039805998860029875
:10601C004068059908610498059988610298806820
:10602C000599C86105990020087540F6AC70C2F25C
:10603C00000001900198059901F070F80298007821
:10604C00C00720B1FFE7059802F01EF8FFE706B085
:10605C0080BD80B584B0039001208DF8070002F05C
:10606C00ADF9029041F27820C2F200004068072896
:10607C000DDCFFE7039841F27821C2F200010A68B7
:10608C004B6842F8230048680130486003E0002068
:10609C008DF80700FFE7029802F057FB9DF8070008
:1060AC0000F0010004B080BD81B000909DF80000AC
:1060BC00C00738B1FFE740F28021C4F2243101203F
:1060CC000860FFE79DF800008007002807D5FFE770
:1060DC0040F2A021C4F2243101200860FFE79DF8B2
:1060EC0000004007002807D5FFE740F2C021C4F2AA
:1060FC00243101200860FFE701B0704780B582B001
:10610C0041F2C720C2F200000078C00710B9FFE7C7
:10611C0002F0EAFA46F6A930C0F20000FFF799FF48
:10612C0040F63840C2F200000190002101F048FB1B
:10613C00019841F24811C2F20001086101F083F9A3
:10614C0002F010FC02F0D6FBFEF7E6FF02B080BDB9
:10615C0010B502F0D9F90F4C217E022902D0217E14
:10616C00042904D10E490C6802F0E6F910E002F0A3
:10617C00E3F909480068006B8047084AA0FB02035A
:10618C0001FB023110F1905041F17A00E16C0C18D6
:10619C00204610BD440F00208C01001000093D006A
:1061AC000430044080B584B00290019102F03CFAB6
:1061BC000090029838B1FFE70298012803D0FFE75E
:1061CC001620039015E00098806B019908600298E6
:1061DC0000998863029848B9FFE70098C06B28B112
:1061EC00FFE74FF0FF30FEF7FAFCFFE700200390CB
:1061FC00FFE7039804B080BD10B504281CD10F48EC
:10620C0002F062F9C0B102F0CFFA04460B4802F07A
:10621C0053F9604380084A280ED8084802F064F904
:10622C00052000F0AFFF0648012180F82510054835
:10623C000421283002F090F8002010BD2C0B002017
:10624C00440F00201410002080B586B005900491F6
:10625C0000208DF80F000598036CD0F844C0816CB9
:10626C00C06C049AA2FB033E02FB0CE2C91850411D
:10627C0000910190DDF802000290059802999DF8BA
:10628C000F2002F00102FFF731F80098019A0599EE
:10629C004A65086506B080BD80B582B00190019852
:1062AC00F8B9FFE702F08AF8009041F2C410C2F28C
:1062BC000000C06830B1FFE7009802F046FAFEF724
:1062CC000AFD09E041F2C411C2F20001002008727B
:1062DC00009802F03AFAFFE701F00EFF00F03CFBE9
:1062EC00FFE702B080BD00000E480F4A0F4B01685B
:1062FC00825800680340D0B20D4A7F2888BF002026
:10630C00934207D1090F022906D307D0032901D1E3
:10631C00153004E0FF2002E00A2000E00B3040B210
:10632C00704700BF1813005088FDFFFF00F0FF0FEF
:10633C000010B40B80B50D4801420CD0012002F0C6
:10634C003FFA012808D10B4800210C4AC1610A49C7
:10635C00CA613C31016080BD02F026FA3221B1FBEA
:10636C00F0F10348BDE8804001F02CBF0400002090
:10637C002C0B002000100440440F00203D000000B6
:10638C00B0B502F0C1F8044602F0D8FA0028FBD0F0
:10639C00032000F075FE0B48002180F838112046D0
:1063AC0002F0CAF80848816802200D468847044666
:1063BC00102000F02FFF24B103202946BDE8B04087
:1063CC000847B0BD540D00207891000080B584B012
:1063DC0003900020029001F0F1FF01900398007DE2
:1063EC00C00798B1FFE70398C068009001F07EFCED
:1063FC0001460098401A029002980399096A884253
:10640C0003D9FFE700200290FFE7FFE7019802F0B5
:10641C009CF9029804B080BD80B586B005900491BB
:10642C000392039B582100221046FEF713FA0290A8
:10643C000298A0B1FFE702980599049A039B00F01B
:10644C0037F80190019848B9FFE7029900200090B5
:10645C00582201F0A9F800980290FFE7FFE7029894
:10646C0006B080BD80B582B0019001F0A7FF41F26B
:10647C007820C2F2000040680090FFE700980128E5
:10648C0011DBFFE741F27820C2F2000000680099AE
:10649C0000EB810050F8041C01988847FFE7009836
:1064AC0001380090EAE7019802F00EF902B080BDC5
:1064BC0080B586B005900491039202930020019060
:1064CC00039830B9FFE749F2E000C0F200000390F6
:1064DC00FFE705980499039A029BFAF77FFF019056
:1064EC00019838B1FFE705980199FCF757F900209E
:1064FC000590FFE7059806B080BD00000E485022BD
:10650C00016841F4087121F0020101600B4803217C
:10651C0040F8041C41F2300181600121016082606D
:10652C004FF4CA62016082604FF48652016082604F
:10653C00016003480160704700000460586004402B
:10654C0000410440B0B501F0DFFF044602F0F6F95B
:10655C000C48002180F83811032000F091FD2046F2
:10656C0001F0EAFF0848816802200D46884704467E
:10657C00102000F04FFE24B103202946BDE8B040A6
:10658C000847B0BD540D0020789100002DE9FC4760
:10659C009846AAB115460E46074600244FF0FF3A1E
:1065AC000DF1040931192A1B38464B46CDF800A0D1
:1065BC00FAF7BEFB01990C4428B96D1AF2D102E02E
:1065CC0000246FF00900B8F1000F18BFC8F80040A4
:1065DC00BDE8FC8780B582B041F2D000C2F2000069
:1065EC0090F83800C00708B1FFE715E041F2D00180
:1065FC00C2F200010191012081F8380001F0DEFEA9
:10660C0001994869CA6920F00700104408380861EC
:10661C004FF0FF300860FFE702B080BD70B50D464B
:10662C00044601F071FFD4E901128A4204D101F051
:10663C0083FF4FF0FF3070BDE36822680133B3FB7A
:10664C00F1F606FB11315554E160A1686269013124
:10665C009142A16088BF0A46626101F06DFFA0689B
:10666C0070BD80B586B005900491039205981430E6
:10667C00029003980078059908740498059948824B
:10668C0002980021009101F01DFE00980599886088
:10669C0005990120C860059941F2A420C2F20000BE
:1066AC0000F03CFD06B080BD80B586B0059004912D
:1066BC0003920293039830B9FFE749F28C10C0F2B1
:1066CC0000000390FFE705980499039A029BFDF7DD
:1066DC0007FA0190019838B1FFE70598019901F08C
:1066EC0077FE00200590FFE7059806B080BD80B5C9
:1066FC0082B00190019890F84800C007C0B1FFE744
:10670C0001F05CFE009041F20C10C2F200004169F5
:10671C0001394161406938B9FFE7009802F015F87A
:10672C00002001F01EFDFFE7009802F00EF8FFE7D5
:10673C0002B080BD80B586B00590049141F20C107A
:10674C00C2F200000190C068039005988069029025
:10675C000599C86C01F048F801990398029A104306
:10676C00C860059A012082F820000874049801F092
:10677C00ECFF01F023FE06B080BD80B582B041F283
:10678C004810C2F200000090006902F09AF800F084
:10679C0067F9014600980191806838B9FFE70198C4
:1067AC0041F24811C2F20001C860FFE741F2481102
:1067BC00C2F2000188680130886002B080BD000020
:1067CC00F8B50D480D4D0E4F0126046804608CB1D0
:1067DC00B4FA84F0696880F01F0006FA00F251F8F0
:1067EC00201094430029F2D057F820205203EED504
:1067FC008847ECE7F8BD00BFE0200240A091000004
:10680C00001008400F49C3070A68496D01D10021E7
:10681C0006E001F0040102F00103C91818BF0121C0
:10682C00830744BF02F0020341EA5301400744BF0F
:10683C0002F0040041EA90010220002918BF012057
:10684C00704700BF402108400F49C3070A68496DD3
:10685C0001D1012106E001F0040102F00103C91885
:10686C0018BF0121830744BF02F0020301EA530160
:10687C00400744BF02F0040001EA90010220002905
:10688C0018BF0120704700BF40210840F0B50F4CE5
:10689C0000234FF0580C8EB20027B3F5307F0FD089
:1068AC00E1180D8EB54208D139B10D69854204D17C
:1068BC004AB191F83350154203D158330137ECE704
:1068CC0000210846F0BD07FB0C41FAE70000002050
:1068DC0070B5044605680D48C6680D480068006B25
:1068EC008047811B080B05EB1132B5EB113F40F6CD
:1068FC00C41188BF50088842206004D880084A28F8
:10690C0002D84FF49671216070BD00BF440F002077
:10691C008C01001080B582B001F0EEFB009041F2CA
:10692C00BC20C2F2000000680190019840B1FFE762
:10693C000198006841F2BC21C2F200010860FFE737
:10694C00009800F009F8019820B1FFE7019800F0D9
:10695C001EFDFFE702B080BD80B582B001900198AA
:10696C00D0B9FFE701F02AFD41F20C10C2F2000091
:10697C00007CC00738B1FFE701F09EFE18B1FFE7BD
:10698C00FDF70AFCFFE741F20C11C2F200010020F6
:10699C00087201F081FCFFE702B080BD87B0DDF822
:1069AC001CC00690059104920393069841F26C2149
:1069BC00C2F20001884202D1FFE707B07047069887
:1069CC0018B9FFE768460690FFE704980699086037
:1069DC00039806994860079806998860FFE7FEE7D8
:1069EC000B4801688907FCD50A4801210A4AD0F8EE
:1069FC003C0101284FF0010008BF202008239061C2
:106A0C00002010600548036043601160704700BFB0
:106A1C0058600C40540D002000400C4038500C4085
:106A2C0040F00201022918BF70477CB50A4D0B4C8F
:106A3C0080B27022042329684E6800902046002101
:106A4C00B0472868002170227023D0F80CC0204673
:106A5C0002B0BDE870406047A401001000A00C40DB
:106A6C0080B584B0029002988068019001F014FF08
:106A7C000146019888420DD0FFE702980C304FF088
:106A8C00FF31FBF77DFD01F007FF029988600020C4
:106A9C00039002E001200390FFE7039804B080BD4F
:106AAC0080B584B00390039801F02EFF019001F0A3
:106ABC0085FC02900198007C02280CD1FFE701981C
:106ACC0001F0F0FA0199002008740198806802998D
:106ADC00FFF730FEFFE7029801F037FE04B080BDEF
:106AEC0080B584B001F0D8FE019001F005FB039055
:106AFC0001F064FC02900198FEF7D2FA0199032090
:106B0C0081F820000198FFF7F2FD029801F01DFEBC
:106B1C00019801F0C9FD0398FFF71EFF04B080BD7A
:106B2C0084B002900191019800680090009849F29D
:106B3C004021C0F200010968884204DAFFE700989E
:106B4C00002803DCFFE71620039005E0009802996B
:106B5C00086000200390FFE7039804B0704780B5ED
:106B6C0084B001F02BFC0190002001F0C3F90290DD
:106B7C0040F6AC71C2F20001486D029A801A039083
:106B8C000398896D884203D9FFE700200390FFE743
:106B9C00019801F0DAFD039804B080BD80B582B095
:106BAC00019001F09BFA01F0A7FA032001F038F8EC
:106BBC0041F24810C2F20000006958B1FFE742F6FA
:106BCC00BF40C0F20000009001F02AFE009801F0D6
:106BDC002DFEFFE702B080BDFF2817D0B0B50446EC
:106BEC0001F0CCFA0A4D286850F82410204601F028
:106BFC00CDFE686850F8241011B1002140F8241023
:106C0C00A868002140F82410BDE8B040704700BFD0
:106C1C00A091000070B50D4B1B3800FB00F193E800
:106C2C007000DB6801FB00F283FB0223C6FB01232F
:106C3C00C5FB00231009190940EA0370001941EB48
:106C4C00E471000C40EA014070BD00BF50120020FE
:106C5C007CB50C4D0C4C00214FF4C07207232868F6
:106C6C004668022000902046B047286800214FF467
:106C7C00C0720723D0F80CC0204602B0BDE87040AB
:106C8C00604700BFA401001000A00C400C48052177
:106C9C0080F85A10032180F84E10022181700121D6
:106CAC0001700021817340F20461A0F8581005496D
:106CBC00C0F872100821C1750721C172704700BF5E
:106CCC00120400218141002182B0019000910198B1
:106CDC00102808D3FFE7009801994EF2F032CEF25B
:106CEC00000288540CE00198042808D3FFE70098B0
:106CFC0001994EF61452CEF200028854FFE7FFE7DA
:106D0C0002B0704780B582B001900198B0B9FFE72E
:106D1C0041F20C10C2F20000007CC00738B1FFE752
:106D2C0001F0CAFC18B1FFE7FDF736FAFFE741F2B4
:106D3C000C11C2F2000100200872FFE702B080BD06
:106D4C0080B582B01420009046F20141C2F20001DD
:106D5C0001F01CFE0098002101F0CEFB01200190F7
:106D6C0001F017FE0098019901F0C6FB4FF40C706E
:106D7C0001F00FFE02B080BD10F1240FD8BF6FF0F0
:106D8C0023001B28A8BF1B2003210F222430A1EBBA
:106D9C00101122EA000022FA01F14FF6FF7222FADA
:106DAC0000F040EA014001490860704718A00C400F
:106DBC00B0B50A490A4A0B4B0C684D68AC42FCD181
:106DCC00844208BFB0BD155C145DAC424FF0FF357A
:106DDC0038BF01252C441C5D0C60EDE700600C40B5
:106DEC00F8910000FC91000010B50A4C00212068BD
:106DFC00426801209047206801680120884708B14B
:106E0C0000F02AF804480068E068006880470349ED
:106E1C00C86010BDE0010010302009403012002085
:106E2C0010B50A490A4C0860D1F8980040F00300EC
:106E3C00C1F89800206881692020884705480068BF
:106E4C002068806BBDE81040004700BF8C210840D3
:106E5C00B80100102C20094010B50A480B4C0188D1
:106E6C00C907094907D14FF0012222600088086840
:106E7C00BDE810400047086880474FF080702060E4
:106E8C0010BD00BF00A00C408000001004A40C40FA
:106E9C007CB50B4D0B4C00214FF040521C23286845
:106EAC004668032000902046B047286800214FF424
:106EBC00007209234568012000902046A8477CBD3C
:106ECC00A401001000A00C40F8B50C46054601F0DA
:106EDC001BFB2B1D6E690ECB8F1AA74238BF3C468D
:106EEC0022442344B24288BF16466E61B3FBF1F6CE
:106EFC0006FB1131C5E9022101F01EFB2046F8BD4D
:106F0C0070B50668054601F0FFFA0446707A70B950
:106F1C0001207072284600F0EFFA686801F074FCEA
:106F2C002846FBF7C1FF2846002100F0E7FC20466D
:106F3C00BDE8704001F000BB80B5FCF7A4F800F090
:106F4C0054FAFEF77CFA01F02FFA00F09DFCFEF7E4
:106F5C00E4FAFEF7D1FFFEF799FEFDF737FFFFF7D6
:106F6C0039FB41F2C721C2F200010120087080BD3B
:106F7C0070B50948094C84420BD0094D094EB542F5
:106F8C0007D0F5E8020110F8012B54F822209047A5
:106F9C00F5E701F0DFFC70BD7C93000070930000FE
:106FAC0094930000B493000080B582B041F2481075
:106FBC00C2F20000816801398160806868B9FFE71E
:106FCC0041F24810C2F200000190006901F079FC16
:106FDC000199C96800F068FEFFE702B080BD80B57A
:106FEC0084B00290019102980199FBF7C9FA8DF8CF
:106FFC0003009DF80300C00720B9FFE7FF208DF8C0
:10700C000F0003E000208DF80F00FFE79DF90F0043
:10701C0004B080BD80B584B00390029101920398B6
:10702C000299019A41F26C23C2F20003FFF73CFB78
:10703C000398406918B9FFE70020009002E003981C
:10704C000090FFE7009804B080BD000008490A4B8F
:10705C00421808499A42096808D801F44001B1F570
:10706C00000F03D105490968496C0847704700BFF8
:10707C005C8F82FFB44F0050B71E0500F00100106A
:10708C0070B50B4D04462E1801F03EFA96F84311DC
:10709C00013986F84311090605D10121AA68A140DE
:1070AC0022EA0101A96001F047FA002070BD00BF7F
:1070BC00540D0020B0B5054601F026FA04460848E8
:1070CC000178A94301700078000704D40548082111
:1070DC00283001F041F92046BDE8B04001F02CBA4F
:1070EC00440F00201410002080B584B00390039846
:1070FC00026C436C002047F6906101F041F901915C
:10710C000090019820B1FFE74FF0FF30029002E0B1
:10711C0000980290FFE7029804B080BD80B584B05F
:10712C000390029101F04AF90190039802990860CA
:10713C00039840680299486002980399496808606E
:10714C00029803994860019801F0FFFA04B080BDE1
:10715C000A48083880F308880948016841F470012E
:10716C00016000BF00BF01F0F9FB08B1FFF700FFA1
:10717C0001F010F9002001F0BBF800BF0040012025
:10718C0088ED00E0B0B50446012000FA04F501F0EA
:10719C00BBF907498A682A438A60214491F8432144
:1071AC00013281F8432101F0C7F90020B0BD00BFC6
:1071BC00540D00200A484068826800F138011346DB
:1071CC0052680AB18A42FAD1597B090706D1408F1D
:1071DC0040F60901884204BF012070470020704727
:1071EC00440F002007480068C00608D40648074929
:1071FC00006808400649884204BF012070470020FF
:10720C00704700BFB04F00505013005000C4FF3FF8
:10721C0000C0071CB0B504460948056855B1A868FC
:10722C00204205D0D5E9033220460021984718B9F1
:10723C002D68F3E70020B0BD4FF0FF30B0BD00BFAC
:10724C00540D002083B00290019141F2D000C2F2A3
:10725C000000006A029900EB810000900098006821
:10726C000199884204D0FFE7019800990860FFE774
:10727C0003B0704780B586B005900491039240F638
:10728C006040C2F200000190FFF7EAFB0290059803
:10729C000499039AFBF7DAFF0198029900F004FDB8
:1072AC0006B080BD80B584B003900291019200932A
:1072BC00009830B9FFE749F2C810C0F20000009006
:1072CC00FFE703980299019A009BFEF797FE03983B
:1072DC0004B080BD80B582B000200190FFE701981A
:1072EC0001280DDCFFE7019949F20020C0F20000F3
:1072FC0050F821008047FFE7019801300190EEE73C
:10730C0002B080BDB0B50C460546FEF721FF291A28
:10731C0004F57A72C4EB9100012898BF0120002378
:10732C00B2EB910F28BF1846B1F1404F28BF184659
:10733C00B0BDB0B50C46054601F0E6F8D5E9011232
:10734C002B69A24238BF1446121BAA601A19B2FB51
:10735C00F1F303FB1121296101F0EEF82046B0BDD9
:10736C00F8B50C46054601F0CFF8EA6895E8C2007E
:10737C000132B2FBF6F303FB16252944216001F020
:10738C00DBF8701BF11B814238BF0846F8BD80B595
:10739C0082B001900198103000F0DBFC0198C068BD
:1073AC0028B1FFE701980C3000F0E1FAFFE70199F2
:1073BC000020502200F0F8F802B080BD80B586B0F5
:1073CC0005900491049801F0A4FA01900198C0680A
:1073DC0001F05CFA03900198416B03988847029086
:1073EC000298FDF7FCFB06B080BD80B584B001A807
:1073FC000021FDF7B5FA03980090FFE70098694665
:10740C00884207D2FFE70099BE200870009801302F
:10741C000090F3E704B080BD80B584B00390029176
:10742C0003980C3001210022019200F0A7F801987A
:10743C0003998860039941F29420C2F20000FFF78F
:10744C006DFE04B080BD80B541F24810C2F2000060
:10745C00006968B1FFE746F28770C0F2000001F0E6
:10746C00DFF946F6B570C0F2000001F0DFF9FFE776
:10747C0080BD80B582B041F24810C2F200000069B4
:10748C0058B1FFE740F65F30C0F20000019001F008
:10749C00C7F9019801F0CAF9FFE702B080BD0000FE
:1074AC0010B50C460849097E02290AD100F062FC8D
:1074BC0004B12060C1B20220012908BF6FF07E0028
:1074CC0000E00120C0B210BD440F0020F8B50C46FE
:1074DC00D0E90016002701F14C053068013C47F15A
:1074EC0000018269D20606D429B10068C1B22846CF
:1074FC00FFF794F8F1E7F8BDD0E900100A6C5AB127
:10750C0091F84410090707D501684FF480624A646A
:10751C008A6B42F480628A630068816B41F040019F
:10752C008163704783B001900091009838B1FFE7F8
:10753C000098012803D0FFE71620029005E0009880
:10754C000199086100200290FFE7029803B0704790
:10755C0010B5074C207838B9064807494FF43872F3
:10756C0001F032FA01202070BDE81040FFF78EBB0D
:10757C00C41200204C400021EC89000080B584B07E
:10758C00039002910192019830B9FFE749F2D410AF
:10759C00C0F200000190FFE703980299019AFFF7EF
:1075AC0060F8039804B080BD80B584B0039002915C
:1075BC000192039838B9FFE741F2C020C2F20000F3
:1075CC0000680390FFE7039843680299019A984773
:1075DC0004B080BD80B586B00590049101A80090E0
:1075EC0000F048FF009A01208DF8040005980499DA
:1075FC00FFF7C4FF059801F078F906B080BDB0B56F
:10760C00056802200C46FFF73BFD64B1D5F8EC0091
:10761C000021B1EB107F06D10420FFF731FD4FF0B4
:10762C00FF30C5F8EC00B0BD80B584B0039002917A
:10763C0003980068019003980069019948640298C6
:10764C0028B1FFE70398416880688847FFE704B0DA
:10765C0080BD10B581B0009049F23C20C0F2000012
:10766C00006841F21C21C2F200018860009891E888
:10767C001C5080E81C50002001B010BD84B0039059
:10768C00029101920093019803998860039900205C
:10769C0008610299039A91610099039AD161039947
:1076AC00087504B0704780B541F20C10C2F20000AE
:1076BC00007CC00718B1FFE7FCF76EFDFFE741F255
:1076CC000C11C2F200010020087200F0E5FD80BD33
:1076DC00B0B50D46044600F017FFD5E9001211B104
:1076EC004A606A6800E06260002A18BF1446216094
:1076FC00BDE8B04000F020BF80B5FFF773FD60B16E
:10770C000648006881034FEA00414FF0000058BF63
:10771C000816BDE88040FFF72FBB80BDB44F00506A
:10772C0080B506480649006808400649884204D1DD
:10773C00FEF7DAFD1328C8BF80BDFEE71813005012
:10774C0000F0FF0F0010B40BB0B500F0DDFE0446E6
:10775C00064890F8380118B100F08AF9054600E0A7
:10776C000125204600F0E8FE2846B0BD540D00204F
:10777C00F8B51D461646044600F0C6FE44B104F1A9
:10778C00200720348ECF33432F432A4331438EC4FA
:10779C00BDE8F84000F0D0BE1EF0040F14BFEFF3AC
:1077AC000980684685462DE9F00F68467146744697
:1077BC00024A904768462146FEE700BFC17E0000A2
:1077CC0080B582B001900091009830B9FFE749F282
:1077DC003020C0F200000090FFE701980099FFF7FD
:1077EC001BFE019802B080BD83B0029001910298FB
:1077FC0040680090029801990860009801994860CF
:10780C0001980099086001980299486003B070478C
:10781C0083B00290019102984068009002980199FF
:10782C0008600098019948600198009908600198D7
:10783C000299486003B0704780B584B00390029100
:10784C0000F0BCFD0190029A0399086B1043086389
:10785C00019800F07AFF0398FEF78DF904B080BD13
:10786C002DE9F04F2DED108BC0F800D0D1F800D0E1
:10787C00BDEC108BBDE8F08F00BF00BF00BF00BF98
:10788C0000BF00BF00BF00BF80B541F27820C2F23C
:10789C000000007AC00708B1FFE708E041F2782148
:1078AC00C2F200010120087201F068F8FFE780BD08
:1078BC0070B514460D46064600F026FE6168C5E913
:1078CC0000416168002918BF0E4635606560BDE84F
:1078DC00704000F031BE1CB5044605980190049828
:1078EC0000902046FBF7F0FD014620460A224FF09F
:1078FC00E04302B0BDE81040FCF704BBB0B505682E
:10790C0002200C46FFF73EFC54B1D5F8EC000021E8
:10791C00B1EB107F04D10420BDE8B040FFF732BCBE
:10792C00B0BD83B0029041F2D000C2F20000416BB6
:10793C00029A01EB82010191406A00900098029931
:10794C0050F8210003B0704780B582B000F0A4FC61
:10795C0000200190FFE7019828B9FFE7FFE70198A5
:10796C0001300190F7E700F029FD02B080BD80B531
:10797C0082B001900198006800F00CF80198016841
:10798C00002000905822FFF70FFE00980199086024
:10799C0002B080BD80B582B0019000F00FFD009068
:1079AC000198083000F07EFB009800F0CEFE0198A4
:1079BC000021FAF7F3FE02B080BD81B00090009870
:1079CC0060B1FFE7009841F26C21C2F200018842DD
:1079DC0004D0FFE7009900200860FFE701B0704772
:1079EC0080B584B003900291019200F0E7FC009006
:1079FC0003980299019A00F0FDFB009800F0A5FE97
:107A0C0004B080BDB0B50C46054600F07DFD0021EC
:107A1C00216069680029616008BF29460C606C60B0
:107A2C00BDE8B04000F088BDB0B50C46054600F08E
:107A3C006BFD0021616029680029216008BF29467F
:107A4C004C602C60BDE8B04000F076BD80B50548B8
:107A5C0001210068426801209047034803490068EF
:107A6C00486080BDE0010010302009403012002039
:107A7C0010B506483C21012200230068C468044864
:107A8C00A047002818BF012010BD00BFA4010010A2
:107A9C0000A00C401CB5064980B24FF47F4208236D
:107AAC0009684C68009003483021A0471CBD00BFFA
:107ABC00A401001000A00C401CB5064980B24FF484
:107ACC00F802122309684C68009003480421A0476F
:107ADC001CBD00BFA401001000A00C401CB5064941
:107AEC0080B24FF40032112309684C6800900348AF
:107AFC000421A0471CBD00BFA401001000A00C4035
:107B0C001CB5064980B24FF440620A2309684C68E0
:107B1C00009003482021A0471CBD00BFA401001009
:107B2C0000A00C4050B14AB110B5044608300EC04C
:107B3C0021460448FFF766FF002010BD6FF00200DD
:107B4C00704700BF540D002005480649C0698842A3
:107B5C0008BFFDF7E9BE04480421283000F0FCBB47
:107B6C00440F00203D0000001410002080B54FF0A1
:107B7C00FF3000F0E9FC800758BF80BD03484FF48C
:107B8C0000612830BDE8804000F0E6BB14100020F6
:107B9C000648007E022804D10548816C09B9C06CE6
:107BAC0008B1002070470120704700BF440F00202F
:107BBC007810002070B5144600220E46054600F0E1
:107BCC000FFAFF2807D02B2E18BF40F22B2646EABF
:107BDC00842145F8201070BD80B581B000900098CC
:107BEC0049F24411C0F20001B1E80C10A0E80C10ED
:107BFC0091E80C5080E80C5001B080BD10B581B0FC
:107C0C000090009849F2E001C0F20001B1E80C507C
:107C1C00A0E80C5091E81C5080E81C5001B010BD3D
:107C2C0081B08DF8030041F24811C2F20001087DC9
:107C3C008DF802009DF8030008759DF8020001B054
:107C4C007047B0B5054600F05FFC2C6834B1216874
:107C5C000029296008BF294600224A6000F06CFC0C
:107C6C002046B0BDF8B50C46054600F04DFC95E835
:107C7C00C2002D692944216000F05EFC701B874214
:107C8C0038BF3846F8BDBCB5046825790DB9A47960
:107C9C002CB14FF0FF340094F9F74AF8BCBD02B098
:107CAC00BDE8B040FEF772BC80B582B00190009187
:107CBC00009840B9FFE701990020886001980C30CA
:107CCC00FCF7B6FCFFE702B080BD82B001900198D2
:107CDC00C06900900099002008600198406A0099E2
:107CEC00486000980199086202B0704780B584B072
:107CFC0000F064FB0190002000F0FCF80290019869
:107D0C0000F023FD02980390039804B080BD80B569
:107D1C0082B001900091019800F078FA019840F639
:107D2C00AC71C2F2000108650098486502B080BDD4
:107D3C0083B002900298006801900198006800904E
:107D4C00009802990860029800994860019803B065
:107D5C00704780B582B00190019800F0F5F900F001
:107D6C002DFB0090019800F09DF9009800F0EDFCBF
:107D7C0002B080BD06490A68002AFCD10022CA6103
:107D8C000860C8690028FCD00020C86148687047AA
:107D9C000010044070B50024A34208D050F82450C1
:107DAC006E1C04D015408D4202D00134F4E7FF2440
:107DBC00E0B270BD05484FF48251006800280448B9
:107DCC0048BF4FF441510160704700BFAC4F0050A9
:107DDC0028A10C4005484FF4805100680028044845
:107DEC0048BF4FF440510160704700BFAC4F00508A
:107DFC00A8A00C4080B500F07FF940F64851C2F2C3
:107E0C000001086000F06AF940F64451C2F200012A
:107E1C00086080BD80B540F64450C2F20000006896
:107E2C00FEF73AFA40F64850C2F200000068FEF73E
:107E3C0093FD80BD064A0021B1F5307F06D0501865
:107E4C0090F93330002B02D55831F5E700207047FC
:107E5C00000000200A460146044843682BB18068A4
:107E6C00084202D00248406818477047B0910000A1
:107E7C00440F002005480068C00704BF002070476D
:107E8C0003480068C0B2C009704700BF40210840D9
:107E9C000000044080B582B0019000F08FFA009091
:107EAC000198416900F0C8FB009800F04EFC0020DE
:107EBC0002B080BD80B582B00190009141F2D0013A
:107ECC00C2F200010120087101980099FCF7DCFA5C
:107EDC0002B080BD81B000900098102808D3FFE755
:107EEC00009810384EF60071CEF200010860FFE7E2
:107EFC0001B0704780B582B08DF807009DF807007F
:107F0C0000F0010140F63020C2F20000FEF74BF801
:107F1C0002B080BD81B000900099002008600099EB
:107F2C0048600099C86000994FF0FF30886001B03C
:107F3C00704710B5EFF31484002C1CBF002181F3A3
:107F4C0014888047002C1CBF022181F3148810BDBB
:107F5C0080B582B041F2D000C2F2000001900069FD
:107F6C00FDF772FF01990020086002B080BD80B55A
:107F7C0082B0019000F022FA009001980099FEF76F
:107F8C00D9FB009800F0E1FB02B080BD81B00090FD
:107F9C0000990020086000994FF0FF30486000996C
:107FAC000120087201B07047002201284FF0000038
:107FBC0004BF40F2EE204FF47A72022908BF024649
:107FCC00104670470548B0F85410B0F8560081427E
:107FDC0018BF70470820FFF76DB800BF781000205D
:107FEC00B0B5144640F2FF3250230546FFF7D2FEDF
:107FFC001CB155F82010890A2160B0BD10B504469B
:10800C0000F082FA03490A7822430A70BDE8104056
:10801C0000F092BA440F0020B0B505484468C56919
:10802C0000F0EAFA014620462A46BDE8B040104767
:10803C00440F002080B582B001900198009001207F
:10804C00FDF752FE00998869C969884702B080BD66
:10805C00B0B581B00090009849F26011C0F20001F7
:10806C0091E83C5080E83C5001B0B0BD80B582B086
:10807C00019040F6AC70C2F200000090009801999B
:10808C00FFF7B2FB02B080BD80B582B0019000F06A
:10809C0095F900900198FAF77FFF009800F055FBD6
:1080AC0002B080BD81B000900098006800994968CA
:1080BC0008600098406800990968486001B07047F2
:1080CC0010B581B00090009849F28C11C0F20001FB
:1080DC0091E81C5080E81C5001B010BD81B041F2F9
:1080EC00C411C2F20001087A00F0010000900120D6
:1080FC000872009801B0704781B041F20C11C2F2C5
:10810C000001087A00F0010000900120087200982C
:10811C0001B0704780B582B00190FFF7AAF9032037
:10812C00FFF77EFD019800F0E3F802B080BD81B04E
:10813C000090009941F24812C2F200021068526895
:10814C004A60086001B0704780B582B00190019818
:10815C0014300090009800F0C3FB00F09DFA02B0C0
:10816C0080BD80B582B0019041F24810C2F200008F
:10817C00016A0198884702B080BD0000FF2806D034
:10818C00034911F8202002F0FB0201F8202070476F
:10819C0002100840022807D0032804D180B5FAF752
:1081AC0077FA002080BDFEE7FDF75ABB044890F833
:1081BC00411119B1D0F86C0100B10047704700BFF4
:1081CC00540D002010B50129044698BF012100F080
:1081DC00A4F82046BDE8104000F07EB980B582B00E
:1081EC00019040F28C10C1F200000068006B8047D7
:1081FC0002B080BD83B00290019100920198029967
:10820C00486000980299086003B0704780B582B04E
:10821C000190019940F63020C2F20000FEF714F8EC
:10822C0002B080BD00BF00BF00BF00BF04988047F4
:10823C0000980199029ADDF80CE01047B0B50C4695
:10824C00054600F061F9A96CA143A964BDE8B040F2
:10825C0000F072B9B0B50C46054600F055F9A96CA2
:10826C002143A964BDE8B04000F066B981B000902C
:10827C00009900208860009908700099486001B04E
:10828C00704710B5044600F03FF90021C4E9001115
:10829C00BDE8104000F050B981B040F2000CEFF393
:1082AC0011808CF311880090009801B0704782B057
:1082BC0001900198B0FA80F0C0F11F000090009876
:1082CC0002B0704780B582B001900091019800997E
:1082DC0000F0C7F8019802B080BD81B00090009802
:1082EC0000680099401AB0FA80F0400901B070475C
:1082FC0080B582B001900198FEF7B4F8019800F0B7
:10830C0041FB02B080BD80B5FAF722F8FAF7D2FB38
:10831C00FDF7CCF8F8F797FF80BD80B582B00190DF
:10832C0000910198009900F0A7F902B080BD0000FF
:10833C00FF2804D0012101FA00F0014908607047C0
:10834C00B0200240034801680029FCD000210160E4
:10835C00704700BF1C10044080B582B001900091A2
:10836C0001980099FFF768FA02B080BD042805D186
:10837C0080B51046FAF71CFBBDE880400020704722
:10838C0040B584B002AE0096FBF70EFD029A039B3B
:10839C0004B040BD0349002912BF01C900200021CF
:1083AC00FCF760BB4892000040F64C51C2F2000151
:1083BC0040F63020C2F200000860704781B02021E6
:1083CC00EFF3118081F311880090009801B0704791
:1083DC0082B0019000910098012801D1FFE7FFE7DE
:1083EC0002B0704782B001900091009801998860AA
:1083FC00002002B0704780B582B001909DF8040057
:10840C00FBF752FA02B080BD80B582B001900198A2
:10841C00000AFEF777FC02B080BD81B00090009995
:10842C00002088604860086001B0704780B540F655
:10843C006040C2F200000021FFF7C2F980BD81B09C
:10844C0000900099002088604860086001B0704777
:10845C0080B540F6AC70C2F20000C06CFDF78BFB2F
:10846C0080BD82B00190009101984060019800603D
:10847C0002B0704781B0009000990020886048607D
:10848C00086001B0704710B500239A4208BF10BDB8
:10849C00CC5CC4540133F8E780B541F24810C2F209
:1084AC000000C069804780BD80B582B00190019802
:1084BC00FFF73DFE02B080BD80B582B001900198FF
:1084CC00FDF784FF02B080BD80B582B001900198A9
:1084DC0000F0C2F802B080BD80B582B00190019866
:1084EC00FFF7D2FD02B080BD80B582B0019001983B
:1084FC0000F039F902B080BDFF281CBF014A81543D
:10850C00704700BF0020024080B582B0FFF756FFD5
:10851C000190019802B080BD80B582B001900198A5
:10852C00FCF71DFF02B080BD80B582B001900198B0
:10853C00FFF7D0FC02B080BD80B582B001900198ED
:10854C0000F003F902B080BD02490A681040C24332
:10855C000A6070471010044002490A681040C24378
:10856C000A6070470810044002484FF00041016057
:10857C00704700BF00A10C400248016841F00301A4
:10858C00016070472422084002480068C0F30720AD
:10859C00704700BF30A00C4002480068C0F3844014
:1085AC00704700BF04A00C4002480068C0F3812053
:1085BC00704700BF20A00C40024840210160FFF72B
:1085CC0045BA00BFA8A00C4010B50023541E80E88B
:1085DC001E00C0E9043310BD80B582B00190019833
:1085EC00FCF726F802B080BD80B582B0FFF776FDAF
:1085FC000190019802B080BD80B582B000F02EF9D8
:10860C000190019802B080BD80B582B001900198B4
:10861C00FDF742FE02B080BD42F22C00C4F209000C
:10862C00012101600068704780B500F035F900F059
:10863C0027F900F06EF980BD82B00190009100988E
:10864C000199486102B0704780B540F63020C2F203
:10865C000000FEF749FD80BD81B000900098007DC0
:10866C0000F0010001B0704780B582B00190019814
:10867C00FFF718FD02B080BD82B001900091009808
:10868C000199886002B0704780B582B0019000916A
:10869C00FFE7FEF71FFEFCE780B582B00190019862
:1086AC0000F002F802B080BD81B0009000984060EC
:1086BC000098006001B0704741F2C410C2F2000093
:1086CC00017A01208843704780B582B001900198EF
:1086DC0000F050F902B080BD80B50A46D0F8031006
:1086EC00104600F033F980BDFFE741F2C720C2F21B
:1086FC0000000078F9E780B500F014F9002818BFE5
:10870C00012080BD80B500F011F9002818BF0120B0
:10871C0080BD234603958DF804500295FDF75ABA97
:10872C0040F203714FF6FF720523FFF733BBDAF803
:10873C000860DAF81000BAF93010704780B5FFF70E
:10874C003BFFBDE88040FDF71BBE81B00090009858
:10875C0080F3118801B0704780B582B0019000F0B1
:10876C0039F902B080BD81B00090009900200875E5
:10877C0001B0704700239A4208BF7047C1540133BF
:10878C00F9E70B46D0F80320C11D184600F01CB9C0
:10879C0042F23000C4F209000068704741F2481000
:1087AC00C2F20000007D704749F23420C0F2000094
:1087BC0000687047DBF84C0000222346FEF7D8BF58
:1087CC000149096809680847E00100100149096876
:1087DC00C96A0847B80100100148006800680047E2
:1087EC00E80100100148006840680047E8010010EB
:1087FC0001488068704700BF540D002001492022B9
:10880C0000F0E2B8049100000068016B41F40071C3
:10881C00016370470149242200F0D6B8BC900000D7
:10882C0001490860704700BFB4120020014908607C
:10883C00704700BFB812002081B00090009800680B
:10884C0001B0704781B000900098006801B070478B
:10885C0081B000900098406801B0704741F2C4109C
:10886C00C2F200000069704782B0019000910020B4
:10887C0002B0704741F2C410C2F200004069704768
:10888C0081B000900098C06B01B0704781B000902F
:10889C000098006C01B0704741F20C10C2F200005D
:1088AC008069704700224FF08073FEF761BF002192
:1088BC004FF0FF32FAF75ABC406801210068C164DE
:1088CC00704781B00090009801B0704781B0009063
:1088DC00009801B0704781B00090009801B07047CB
:1088EC0081B00090009801B0704781B00090009862
:1088FC0001B0704780B50020FDF7CEFC80BD81B083
:10890C000090002001B0704781B00090009801B039
:10891C00704781B00090009801B0704780B5FAF7AD
:10892C0003FD80BDEFF3108072B67047EFF310803B
:10893C0062B6704700220023FDF74CB980B5FCF7F6
:10894C005DFF80BD80B5FEF703FC80BD0A460021AB
:10895C00FFF710BF80B5FEF7EFFA80BD80B500F0D1
:10896C0005F880BD80B5FFF797FC80BD80B5FFF79B
:10897C00D5FF80BD81B0009001B0704780B5FBF78A
:10898C009CFE80BD81B00090FFE7FEE70022FBF764
:10899C0003B90138FDD170475846FFF7CDBD2846C5
:1089AC00FFF7CABD0720FCF7EFBD0020704730BFB2
:1089BC007047FEF719BAFEF733BAFFF747B8002035
:1089CC007047806870470000FFF75DBD002070475E
:1089DC00002070470120704708207047082070471E
:1089EC0071400021DB4000219D4000210941002104
:1089FC001541002121410021394100215141002123
:108A0C00DB420021074C657900F009F86179694077
:108A1C00490703D50121044A8903116070BD70B563
:108A2C000249084780030021081104402D59000019
:108A3C0000F019F8E1B26C290BD0042801D00628FB
:108A4C0007D110490978C90703D12178090700D447
:108A5C0002200D490A780C21114202D00B498022C8
:108A6C000A6003B0F0BDF0B583B009490847002097
:108A7C000849884704480178402291430170064810
:108A8C0000470000C80000213301002100E200E093
:108A9C0041160300F7630000231B030000F088F865
:108AAC0000480047577F000000F088F80048004756
:108ABC001B880000094B1A780824A243002800D018
:108ACC0022431A70004A1047838E0000034908782D
:108ADC00000701D4024800477047000080030021C2
:108AEC005F7E0000044A2820904704480121416021
:108AFC000348044A416010474F42000000500440B4
:108B0C000060044085420000F8B5014908470000A8
:108B1C000D64000070B51F4D2878C4B21E48804704
:108B2C002878032834D1032C32D01C488068400D9F
:108B3C00C2071A48014660318030002A03D01F2436
:108B4C000C57458802E01E240C570588002C1FD0BA
:108B5C001348154A41690079414348101149496944
:108B6C00401810494039497F9047400540156942EB
:108B7C0088420DDBA8420BDC0C4B996988B202468B
:108B8C00090C624309045212801880B208439861A0
:108B9C0070BD0000E4020021794100002800002192
:108BAC008003002100030021CB81000040400440E1
:108BBC00806B0C490007000F48717047094A0A493D
:108BCC0018235079CB56497EC018814201DD0846E6
:108BDC0002E00F2800DD0F20D189090909010143AA
:108BEC00D1817047E00200218800002110B50146B8
:108BFC002B4B2C4800E020BF42699207FBD129483F
:108C0C00DA7A403000680B2A01D100F043F810BD2D
:108C1C002022521A9040244A00BA936943402148BA
:108C2C0000E020BF42699207FBD488001F4940181E
:108C3C00C3631C4840300360704710B5194800E00E
:108C4C0020BF42699207FBD4426B174B9869504086
:108C5C005A8AD40701D00124604052085A8220223B
:108C6C00511A88400F4900BA4031086010BD10B548
:108C7C000446FFF749FF0C49097C8909C80708D04D
:108C8C000B48E10701D00B4900E00B4901620B498D
:108C9C00416210BD2022511A884000BA7047000072
:108CAC00600100210020044028000021C021044064
:108CBC0080030021A74200217D420021594200215E
:108CCC006861726477617265206578636570746938
:108CDC006F6E206964203D2025642C207063203D3C
:108CEC00203078253038782028433A2F74692F7338
:108CFC00696D706C656C696E6B5F6363313378782A
:108D0C005F6363323678785F73646B5F385F3332DE
:108D1C005F30305F30372F6B65726E656C2F746906
:108D2C0072746F73372F7061636B616765735C74FA
:108D3C00692F73797362696F732F66616D696C79D2
:108D4C002F61726D2F6D332F4877692E633A313155
:108D5C00303429006F7574206F66206D656D6F72ED
:108D6C00793A2068616E646C65203D2030782578F6
:108D7C002C2073697A653D25752028433A2F746938
:108D8C002F73696D706C656C696E6B5F63633133E7
:108D9C0078785F6363323678785F73646B5F385FC3
:108DAC0033325F30305F30372F6B65726E656C2FEE
:108DBC00746972746F73372F7061636B616765735D
:108DCC005C74692F73797362696F732F6865617056
:108DDC00732F486561704D656D2E633A31353429BA
:108DEC000048776920616C726561647920646566FE
:108DFC00696E65643A20696E74722320256420289C
:108E0C00433A2F74692F73696D706C656C696E6B66
:108E1C005F6363313378785F6363323678785F737E
:108E2C00646B5F385F33325F30305F30372F6B6588
:108E3C00726E656C2F746972746F73372F70616307
:108E4C006B616765735C74692F73797362696F7397
:108E5C002F66616D696C792F61726D2F6D332F48A0
:108E6C0077692E633A33393729006E6F2049535294
:108E7C002C206964203D2025642C207063203D202B
:108E8C003078253038782028433A2F74692F73694D
:108E9C006D706C656C696E6B5F6363313378785F92
:108EAC006363323678785F73646B5F385F33325F3D
:108EBC0030305F30372F6B65726E656C2F74697252
:108ECC00746F73372F7061636B616765735C746962
:108EDC002F73797362696F732F66616D696C792F6B
:108EEC0061726D2F6D332F4877692E633A313130B3
:108EFC003729006F7574206F66206D656D6F727900
:108F0C003A20686561703D307825782C2073697A39
:108F1C00653D25752028433A2F74692F73696D7050
:108F2C006C656C696E6B5F6363313378785F636318
:108F3C00323678785F73646B5F385F33325F303012
:108F4C005F30372F6B65726E656C2F746972746F3E
:108F5C0073372F7061636B616765735C74692F7312
:108F6C00797362696F732F72756E74696D652F4DAD
:108F7C00656D6F72792E633A37382900696E746E9D
:108F8C00756D3A202564206973206F7574206F66A7
:108F9C002072616E67652028433A2F74692F7369BC
:108FAC006D706C656C696E6B5F6363313378785F81
:108FBC006363323678785F73646B5F385F33325F2C
:108FCC0030305F30372F6B65726E656C2F74697241
:108FDC00746F73372F7061636B616765735C746951
:108FEC002F73797362696F732F66616D696C792F5A
:108FFC0061726D2F6D332F4877692E633A33383990
:10900C002900000800B0004034000000FF00000000
:10901C00880C002020000000A80C0020200000007C
:10902C00000000000C0000000D000000FF0000001C
:10903C00FF000000601800205018002040000000C5
:10904C0020000000130000001400000013000000BA
:10905C001500000016000000000200008E00000049
:10906C008E0001008E0002008E0003008F000001B4
:10907C008F0000028F0000038E0001048E0000059B
:10908C008E0008048E0000048900000650000000C9
:10909C007F0001003F0004003F0002003F00010080
:1090AC007F0002008E0002048E0001028E0001017E
:1090BC0000000000000000000000000000000000A4
:1090CC00000000000100000000C2010003000000CD
:1090DC000000000000000000000000000000000084
:1090EC000100000000000000000200000000000071
:1090FC000000000001000000FFFFFFFF0000000067
:10910C0000000000000000003A013A0100000000DD
:10911C00000000000000000074692E73797362690E
:10912C006F732E6B6E6C2E5461736B2E49646C6571
:10913C005461736B00031E0100000000000000006E
:10914C00E803000000000000000000000000000028
:10915C000000000000000000000000000100000002
:10916C0000000000E0000000010000000000000012
:10917C00F91A0000A18100000101010000000000AB
:10918C0000000000000000000000000005000000CE
:10919C0000000000C80E0020D00800204C09002060
:1091AC00FFFFFFFFFF0001000000000000000000B7
:1091BC0000000000000000000000000000000000A3
:1091CC000000000000000000000000000000000093
:1091DC0000000000C0100020C4100020C0040020BB
:1091EC0010900000E80C002008920000010200031F
:1091FC000200010321690000B98100000000024057
:10920C000929FF00000602868200081018200001C0
:10921C000203040122000100440001000020406010
:10922C00E8100020000000000A000000060000000A
:0A923C00000200000600000000011F
:0892480000000000000000001E
:1092500000E500000FA1020100BF0514BF02D9897B
:10926000003F0005340000DD007016BF027B026085
:10927000003B00040020013D1F0220002001017F6F
:109280000200FF21173FAA01E61778010A25FFCA4D
:10929000012605130020EF300700203A3F020C1191
:1092A000001920003127FF06DC0B03B0023000312B
:1092B000B93800343EBA6CDC023FB9037E40840901
:1092C000610000218100F1ED2741A207382F89219B
:1092D000030FFF0080005204A00008EF003F019C34
:1092E00008309B0300FB80054440D388F7005DFFF6
:1092F0004001403111140846FF4488509C601A0018
:10930000A3FF8801000200DF7D28BE00B00200F844
:109310000CFF0000C4480B700031337F02AC0B30EF
:1093200008F6083709F8065037B508FA1814DE5160
:109330000BD993387F124E755D754F1F086012B3BD
:1093400000200031513DC80C183F003F2F42000063
:10935000CB3DB09403300031959C0034A400340020
:10936000127055B1BF012C00335679FFF000000098
:10937000DB5300008F870000E5860000020000003C
:1093800010000000020000001000000002000000B9
:10939000540D000050920000540D00207C930000FA
:1093A0005018002084930000601800208C93000067
:0493B0000000002099
:020000025000AC
:107FA800000080011000C0FFFDFF5800FFFFBBF17B
:107FB800FFFFFFFFFFFFFFFFFFFFFFFFFFFFFFFFC9
:107FC800FFFFFFFFFFFFFFFFFFFFFFFFFFFFFFFFB9
:107FD800FFFFFFC5FFFFFFFF00FFFFFF00C5C5FF55
:107FE800000000FF00000000FFFFFFFFFFFFFFFF92
:087FF800FFFFFFFFFFFFFFFF89
:04000003000089511F
:00000001FF
