:10000000003A0120CD700000757700007577000080
:100010007577000075770000757700007577000030
:100020007577000075770000757700007577000020
:0C00300075770000757700005124000077
:10003C002DE9F84305460C46480413D4A00024D4FB
:10004C00A0075CD460057ED4200500F10681200752
:10005C0000F13B81600040F1F68005F05BFC24F080
:10006C008044F0E008F030FADFF81C140F6D3FB15B
:10007C00D7E90A1202F0E04201F00A01891849D0CE
:10008C0008F03AFA24F48044DDE0BB48DFF8FC7356
:10009C00016841F080010160B878012804D1042086
:1000AC0006F072FF0020B87008F00EFA0646042025
:1000BC0008F066FBDFF8D8130A68904219D12A7E43
:1000CC00BAB1FA68AAB1DFF8C003806C002800F05E
:1000DC009780C16840F603020988914206D0C06837
:1000EC0040F604010088884240F08A8005F1140033
:1000FC0088E040F6C4120860C5E9042284E001F0EF
:10010C00E9FCDFF88403006C002840F09D8024F0AB
:10011C00020498E0D7E90A65D7E90A12AA43B14369
:10012C00C7E90A1208F0E8F9B8680028AAD056EA1C
:10013C000500A7D0D7F808C03869B7F93010324697
:10014C002B46E0479EE708F0BFF9054607F0F6FCA2
:10015C00002800F0B780CC48876B002F00F0B280ED
:10016C00DFF828830420CB49002288F81800C64801
:10017C0007F00BFC08F0FFFBC74808F095F9C748DF
:10018C000068006B8047C8F810000125042088F82F
:10019C00025006F0C9FF386990F82810C8F804001E
:1001AC00490703D5436A042100229847012005F032
:1001BC00B7FDD8F80400457603F034FFD8F80400F6
:1001CC0081680B461A465B684BB11E88A6F603067F
:1001DC00072EF7D805FA06F616F0830FF2D0537BEC
:1001EC0003F0F003013353730023FD6853602D8833
:1001FC00A5F60305012D00F28A80C8F810309FE0A7
:10020C0005F1100006F004FB304608F075F906F015
:10021C00A3FF78B12E6A28466FF4807100224FF04C
:10022C000073B0479848806B10B105F073FB01E088
:10023C0044F00204EE692846002100224FF080634E
:10024C00B04724F0005434B1974821462830BDE81B
:10025C00F84308F061B8BDE8F8838C4EB0780128FB
:10026C0004D1042006F090FE0020B07006F074FF5C
:10027C0038B170686FF4807100224FF00073056A1A
:10028C00A847306950B185480068006B80473269D7
:10029C007168801A000BC860002030617A4D81496A
:1002AC000022284607F071FB02203076286C20B122
:1002BC007D480221283008F02FF805F02BFB24F4A0
:1002CC000064C0E708F057FB41E008F0FDF8054674
:1002DC0007F034FCA0B1DFF8B48198F800000007F7
:1002EC000ED498F9000000280AD4684603F03EFFAB
:1002FC0008B1009820B1DFF8B49199F8610048B3C7
:10030C0008F039FB05F006FB24F008049BE70346D4
:10031C0033F8385FA5B190F8445090F8456005F07B
:10032C00F00580F8445006F0F005013580F8455092
:10033C0000255360C5634587507B00F0F000507377
:10034C0057480022C2610160012007F049FD24F4E6
:10035C00806478E700260127602E0FD009EB060099
:10036C00817A31B18772407A07FA00F0C0B206F098
:10037C0025FE2036F0E700BFCC210840032088F88A
:10038C001800454808F090F808F0F5FA444F3E4D37
:10039C000022786900207861F968F86028464449A1
:1003AC0007F0F3FA3D480068006B8047D8F80C1052
:1003BC00D8F82020411A02EB1130B0EB113F38BFB6
:1003CC004FF0FF3098F82410C8F8200021B1D8F86D
:1003DC000810B0EBC12F20D907F012FDB8B140F6D0
:1003EC000900414621F83C0F002048804A7B02F06E
:1003FC00F00201324A730A7B02F0F0020A73486081
:10040C00F8613960B8F83E0010F4406FFAD0002063
:10041C00C8F82000012088F8240006F033F825489D
:10042C00002101600220002107F0DAFC022006F016
:10043C00ABFD102003F0A0FD98F8010020B9D8F80E
:10044C000400503008F0A8F81B48807810B90D2033
:10045C0003F092FD98F8250028B1002088F82500BB
:10046C00052006F091FD002088F818001348C8F804
:10047C001C000220B5F85610B5F85420914208BF64
:10048C00072005F077F83DE724030020F001002059
:10049C008C050020257B0000608000208C01001062
:1004AC0000100440F52D0000C0020020407F002009
:1004BC00855900000000046088910000E9290000C3
:1004CC002DE9F04F8DB0044600209A4616460F4693
:1004DC00CDE90B00CDE909008A488568804604F017
:1004EC00A9FC1C2803D004F0A5FC1B281BD13088C8
:1004FC0040F60201884218BFB0F5C15F03D1F07B12
:10050C00022810D93EE043F6070188420BD196F839
:10051C002400032807D330697B4940F0806020F029
:10052C00604088422ED100206FB366B3387825FA2C
:10053C0000F0C00726D03046002108F022FA73489C
:10054C00C4E90176006880B109A800900CA90BAA37
:10055C000AAB304602F022F80B980B214FF6FF72D3
:10056C00502307F0DDFBFF280CD007F0ADFF684FE0
:10057C0006467878012802D840B1012070E0304658
:10058C0007F0BAFF00200DB0BDE8F08F01F07AFF44
:10059C0060480DF10409016841F0020101605E48F8
:1005AC00C8F80000484607F07BFCDFF870B15D49E5
:1005BC004A469BF801009BF800500390584828309D
:1005CC0004F0C5FA584859494A4604F0C0FA48465E
:1005DC0007F0A2FCDFF85881564A19214B460295C8
:1005EC00404605F071FB544A08F11C001A214B4699
:1005FC0005F06AFB5148524908F088F951485249B4
:10060C0008F084F95148006810F4402F06D0504A85
:10061C0007F128000421002307F05AFA9BF8020086
:10062C0010B10D2003F0A0FB08F1400007F009FE0B
:10063C0008F1380007F005FE4649002007223876FD
:10064C00B8843862386181F860200521C7E902104E
:10065C004149F96138700420002107F0C1FB78781A
:10066C002F4941F8204001307870304607F044FFA4
:10067C00BAF1000F02D0DAF8000008E00DF1040A1C
:10068C0036492022504608F08BF94FF0FF30DAF84B
:10069C000420BAF81010DAE90635002AB2FA82F60C
:1006AC0008BF40F6C41220600120760961832563DF
:1006BC0060762B4826764FF4FA766261C4E90362C1
:1006CC00C4E90700C4E90903DAF80C0000B12062A0
:1006DC00DAF8140000B16062DAF8080000B1E061E9
:1006EC0004F13800C82108F01DF904F15000002174
:1006FC0006F042FF1B4904F1B80008F007F9204648
:10070C0041E700BFCC2108400F0000056005002028
:10071C00F001002000200940110000E08891000049
:10072C00C0020020CD7F0000E8800020953A000038
:10073C002403002085590000FD510000A4800020F6
:10074C00017B000060800020797F0000B44F0050D6
:10075C008D610000407F0020E9290000DC90000042
:10076C00CF2700008989000080B588B00790002051
:10077C000590049040F2BC30C2F2000080680690F4
:10078C0007F0EBFF069908700798006A0699086154
:10079C000798406A069948610798806A06998861AB
:1007AC000798C06A0699C86107980068069908629C
:1007BC00079840680699486207988068069988628D
:1007CC000798C0680699C86207980069069908637B
:1007DC000798406906994863079880690699886369
:1007EC000798C0690699C8630798006B0699086456
:1007FC0007984030069948640798406B06998864BE
:10080C000798806B0699C8640798C06B06990865B1
:10081C00069800780146019103283AD80199DFE83F
:10082C0001F01C0F022C08F023F80699486008F020
:10083C001FF8C06A059008F01BF8806A049029E044
:10084C0008F004F80699486040F2BC30C2F200008F
:10085C0041690591C06904901CE0069890F850001D
:10086C0007F034F80699486040F2BC30C2F2000040
:10087C0041690591C06904900CE00699002048601C
:10088C0040F2BC30C2F2000041690591C06904908D
:10089C0000E0FFE704980699C860059806998860FF
:1008AC0040F2BC30C2F20000C068C8B1FFE7059846
:1008BC00039040F2BC30C2F20000C0680290FFE727
:1008CC00049860B1FFE70398411C039100780299EA
:1008DC004A1C02920870049801380490F0E7FFE774
:1008EC004EF60450CEF200000068069948654EF6AC
:1008FC002850CEF200000078069988654EF62950F3
:10090C00CEF2000000780699C8654EF62A50CEF259
:10091C0000000088069908664EF62C50CEF20000B6
:10092C000068069948664EF63050CEF2000000681A
:10093C00069988664EF63450CEF20000006806998F
:10094C00C8664EF63850CEF200000068069908676B
:10095C004EF63C50CEF2000000680699486708B08D
:10096C0080BD2DE9FC47D0E900588246D8F800003C
:10097C00D0F8409019F4F06FC0F8449035D05FEA8D
:10098C00495117D5D5E91401411A504606F086FD98
:10099C00D8F800008169C90605D401688DF80710E4
:1009AC009DF80710F6E7296801312960A97B09B980
:1009BC000121A973696C40684FF0004600F00F04E8
:1009CC0004EA0100B0FA80F126FA01F1014005D0E9
:1009DC002F6C1FB12A68AB6C5046B847B4FA84F040
:1009EC0026FA00F020404042A863D5F85801D8F808
:1009FC003C1009F0400740680068D0F8042511400D
:100A0C00394347D0DAE90064504604F053FED7B1BD
:100A1C00F07C90B90BE0316F69B10068B16EB26FC8
:100A2C008854306FB16F01310138B167306720687D
:100A3C008169C906EFD5F07C28B1D6E91401411AB9
:100A4C00504606F02BFD96F86400E0B13079022890
:100A5C0019D017B1B179012901D0316F99B900249E
:100A6C00B16E0128346786F86440B46607D1B36C64
:100A7C00B26FD6F8CC6050460094B04703E006F154
:100A8C007C0007F089FD504602F02CFAD5F858018D
:100A9C004068006800F204500068D8F8381008422A
:100AAC0028D0D5F8F80028B3DAE90076504603F0E0
:100ABC008FFF504602F0C8FE7879012812D1D7F882
:100ACC00F40078B997F8E80060B1002087F8E800E6
:100ADC00BB6CD7F8EC10D7F8FC20D7F8504100903D
:100AEC005046A047D7F8F80020B93068816B41F424
:100AFC00006181635FEA095023D5D8F80000816951
:100B0C000907FCD4016B21F480710163297A91B13E
:100B1C000020287295F84400800606D52C6C24B170
:100B2C00AB6C504620210022A0475046012106F014
:100B3C0038FDD8F80000816B21F40061816368797D
:100B4C0008B1BDE8FC8705F58070BDE8FC4707F0EF
:100B5C0023BD70472DE9FF41DFF8BC8100200390D5
:100B6C000290D8F83840B4B3D8F84C0010B9D8F883
:100B7C00480070B3D8F8480060B12069D8F8481024
:100B8C000969814206D194F83300C00602D5D8F821
:100B9C004C0090B1002702A887F0010103AA03F0D2
:100BAC00C7FD0546FFB9F5B10299002900F09D80FB
:100BBC005A4807F0E7FA002714E0D8F84800C06854
:100BCC0040880028F9D0D8F84800C068408801282F
:100BDC00F3D00127DFE752480221283007F09CFBB5
:100BEC000027002500242CB34E48466816B3029803
:100BFC00B0FA80F04009284001281BD1D8F84800F1
:100C0C00D8F84C10039A87F00103CDE9003208F1B3
:100C1C00380208F14003B047012868D0022809D1F6
:100C2C00D8F84800012201230069D8F84810B1F91E
:100C3C00301065E0002C204618BF012038400128F8
:100C4C0051D1394821694068814203D034484FF46E
:100C5C00806145E00298002818BF01202840012837
:100C6C0006D1D8F8480018B9D8F84C0000284DD057
:100C7C00082007F097F994F833004C25C00608F1CA
:100C8C00380058BF482506F0B2FF48F80500274B3E
:100C9C00D4E90601C2439A60DA681043D860C843AD
:100CAC00186058680843214658600820E56807F02A
:100CBC0097F8284607F024F8288843F60601411ACD
:100CCC00022906D3B0F5C15F03D040F60201884279
:100CDC0003D10120294607F083F811484FF08041D9
:100CEC00283007F019FBBDE8FF8100277BE703984C
:100CFC00002818BF044601220023B4F930102069E3
:100D0C000092002201F068F9BDE8FF81082006F08E
:100D1C0055F9BDE8FF8100BF24030020A48000200A
:100D2C00C002002068050020F001002008100440DB
:100D3C0086B0DDF820C0DDF81CC0DDF818C00590C9
:100D4C0004910392029305980190049880080090F6
:100D5C0006980199009A013A009241F822000298F3
:100D6C000199009A013A009241F8220003980199E6
:100D7C00009A013A009241F8220008980199009AD1
:100D8C00013A009241F8220007980199009A013A21
:100D9C00009241F8220001990098421E009248F2FC
:100DAC00F110C0F2000041F8220001990098421E97
:100DBC0000924FF0FF3041F822000199009A013A5D
:100DCC00009241F822000199009A013A009241F8F0
:100DDC0022000199009A013A009241F822000199EF
:100DEC00009A013A009241F822000199009A013AC6
:100DFC00009241F822000199009A013A009241F8C0
:100E0C0022000199009A013A009241F822000199BE
:100E1C00009A013A009241F822000199009A013A95
:100E2C00009241F822000199009A013A009241F88F
:100E3C0022000199009A013A009241F8220001998E
:100E4C00009A013A009241F822000199009A013A65
:100E5C00009241F822000199009A013A009241F85F
:100E6C0022000199009A013A009241F8220001995E
:100E7C00009A013A009241F822000199009A013A35
:100E8C00009241F822000199009A013A009241F82F
:100E9C0022000199009A013A009241F8220001992E
:100EAC00009A013A009241F822000199009A013A05
:100EBC00009241F822000199009A013A009241F8FF
:100ECC0022000199009A013A009241F822000198FF
:100EDC00009900EB810006B0704780B59EB01D9064
:100EEC0014A8079007F082FC07994FF461201A9020
:100EFC000020089000F01EFB0146089848F284225E
:100F0C00C2F20002116006F0B3FA48F28821C2F274
:100F1C0000010860062046F20001C2F2000107F051
:100F2C0021FD6946CA20086048F27820C2F2000010
:100F3C0046F63001C2F200014FF45462102302F065
:100F4C00C0F810B1FFE7FFE7FEE740F23441C2F210
:100F5C000001049148F27820C2F200008862C82097
:100F6C000883887B40F002008873887B40F0040083
:100F7C0088730CA8039007F027FC039B47F6A0305E
:100F8C00C2F2000040F21C51C2F2000140F2904249
:100F9C00C2F20002FFF794FA014648F28020C2F236
:100FAC0000000690016000686946002305934B60C1
:100FBC000B6040F2E041C2F200011A4602F014FB51
:100FCC000499059A06980068EC46CCF804204FF476
:100FDC000003CCF8003047F23103C0F2000302F0FA
:100FEC0003FBFFE748F28820C2F2000000684FF0D4
:100FFC00FF3105F078FF48F28420C2F2000000684F
:10100C00C8B3FFE707F0DAFB014647F63C70C2F2C3
:10101C0000000160C8218DF82F10006808300A907C
:10102C000A989DF82F10405C8DF827009DF82F1022
:10103C0047F67850C2F20000029000F8011B0A99A2
:10104C009DF82F2007F0ACFC02999DF827009DF825
:10105C002F200A4450709DF82F0008440023837001
:10106C0048F28420C2F200000068CB2207F03EFB5D
:10107C0007F03EF8FFE7B5E780B58EB0DDF840C06D
:10108C000C900B910A92099307F078F9019040F2B9
:10109C003C50C2F20000806830B1FFE7019807F0C5
:1010AC0033FB00200D90B0E00C9840F23C51C2F2A2
:1010BC0000018860019807F027FB099830B9FFE719
:1010CC0049F21C10C0F200000990FFE70B980C9934
:1010DC00C8600A980C99C861099840680C99886195
:1010EC000C994FF4803048620C99002008620C99DE
:1010FC00C86488640998007B01280BD1FFE7099824
:10110C0080680C994861099880680C9900224A649F
:10111C00086418E00998816844F24022C0F20F027A
:10112C000023184607F00CF90A460C994A64086427
:10113C000C99086C48610C98406C18B1FFE70020C2
:10114C000D9062E0FFE709980078022806D1FFE7CE
:10115C000C99486900224A65086504E00C99002046
:10116C0048650865FFE70C9948690022CA658865DF
:10117C0002A806F041FF0C9803900998007890B9EA
:10118C00FFE70C98283040F24851C2F200016A4641
:10119C00116044F65342C0F20002142102AB04F079
:1011AC00EBFD089011E00C98283040F24851C2F247
:1011BC0000016A46116047F6E972C0F20002142180
:1011CC0002AB04F0D9FD0890FFE70C9806F028FE5E
:1011DC000C98007C20B9FFE70C9804F09FFAFFE70D
:1011EC00089850B1FFE70C9940F23C50C2F2000055
:1011FC0005F04CFF0C980D9007E040F23C51C2F208
:10120C000001002088600D90FFE70D980EB080BDA6
:10121C00B0B560480021604C016094F83A01032895
:10122C0012D002282ED0012840F0AF8094F8400153
:10123C0003F0A4FF002084F840015948817B022070
:10124C00002908BF06209EE054480168B1F5C06033
:10125C00C4F82C01B8BFC1F5C060D4F81011002936
:10126C0000D5494288422ADDD4F8140106F0E8FB87
:10127C00D4F8180106F0F6FBD4F8280106F016FC99
:10128C0001201DE04548056807F05EF9C4F814011B
:10129C0007F062F9C4F8180107F066F9B5F5C061FA
:1012AC00C4F82801C4F8101109D094F830215AB1AF
:1012BC00D4F81401D4F82021D4F82C110AE0002021
:1012CC0084F8300106205EE0C4F82401D4E945021C
:1012DC00C4F82C110223C4F81C01002901EB4101B4
:1012EC0048BF6FF001031944042391FBF3F111443F
:1012FC000029C4F820110FDD1F2931D3D4F8242183
:10130C002AB33E28A8BF3E2001302929A8BF292195
:10131C00C4F81C010B3909E0D4F82421032A09D1A3
:10132C0011F1140FD8BF6FF013011531C4F820114F
:10133C00002113E00128D8BF0120013811F10A0F58
:10134C00D8BF6FF00901C4F81C010B3103E033293D
:10135C00A8BF33211539C4F820110321C4F8241176
:10136C0006F06EFB012006F08FFBD4F8200106F08E
:10137C0079FBD4F8240106F099FBA5F2FF51042067
:10138C00032938BF0620C4F83C01BDE8B04001F089
:10139C0019BA00BF3C500C400000002008400C4023
:1013AC005091000080B58AB0089007910692059381
:1013BC0006980068089908610698C0680899486101
:1013CC000698806940B9FFE748F29C20C2F2000001
:1013DC0000680899086304E0069880690899086316
:1013EC00FFE70698406920B9FFE74FF400700290C0
:1013FC0003E0069840690290FFE707F0D9FA0490E1
:10140C000698006988B3FFE7049808B3FFE70698CD
:10141C0000690190019904980844013801900198E1
:10142C000499494208400190019807F059FA08992B
:10143C00C8620298019A06990969891A08440899A0
:10144C0088620899886A049A52421040886207E0C0
:10145C00069800690899C862029808998862FFE7A3
:10146C0008994FF0FF30086320E0049848B1FFE77B
:10147C000298049908440138494208400899886246
:10148C0003E0029808998862FFE70898816A006B6C
:10149C00049A059B03F018FA0899C8620898C06A68
:1014AC0018B9FFE70120099040E0FFE70798089979
:1014BC00486306984068089988630698806808997C
:1014CC00C8630698C06908990864069890F82000CB
:1014DC00089900F0010081F84800089890F848003D
:1014EC00C00740B1FFE740F2F831C2F20001486991
:1014FC0001304861FFE70899002048650898059974
:10150C0002F020FB0390039820B1FFE70398023010
:10151C0009900BE0089800F1080140F2F830C2F293
:10152C00000005F0B3FD00200990FFE709980AB010
:10153C0080BD7047FEB504465A480078A04213D9C6
:10154C0008780D46012801D1686868B168780128CF
:10155C0001D1A86840B1544F57F8346006F0B4FF7D
:10156C00F17921B106F0C8FF00242046FEBD07EB3F
:10157C00C40401216768F17106F0BEFF002005F17B
:10158C00040C7074F081B06030602988B180A98B34
:10159C00C6E93D00C6E90E0086F86400B186297DD7
:1015AC002B69B1719CE80610C6F85021BCF1000FF4
:1015BC00C6E910C34FF0FF32C6F8CC10A969C6E9D2
:1015CC003B203163A97F86F83610296AC6E91A00D8
:1015DC00C6E91C00B16486F8E800C6F8580102D1CF
:1015EC003249C6E9101097F8400002F0BDFBD7E96C
:1015FC00031206F14C0006F0C7FFD7E9051206F1FD
:10160C00D00006F0C1FF2A4938680968C9688847C4
:10161C007A6C97F8240046F2020102F04DFB254D3E
:10162C00BA6C97F82000294602F046FBF8690128AD
:10163C000CD1FA6C97F82800294602F03DFB3A6D64
:10164C0097F82C0046F2020102F036FB04F0C6F9C2
:10165C00C6F85801204601F045FA174A06F5AE7057
:10166C000421234606F034FA6D46284606F054FC55
:10167C00387A7968114A2B460094019006F11400CF
:10168C0004F022FB06F17C00002105F075FF06F545
:10169C008070002105F070FF3868D7E90C121060DB
:1016AC00486062E71B910000C0910000E729000030
:1016BC00D001001002600020398300006F09000087
:1016CC002DE9F84FD0E900B79846164689460546ED
:1016DC0013B10020C8F800008EB106F02BFC824636
:1016EC0006F0F2FE04469BF8070060B19BF8E80098
:1016FC0078B107F03DF96FF00800BDE8F88F6FF096
:10170C000900BDE8F88F07F033F96FF00E00BDE863
:10171C00F88F00200121CBE93B96CBF8F460CBF895
:10172C00FC008BF8E810CBF83C008BF80D008BF824
:10173C000B000BF580700021009005F0D4FB3846AF
:10174C0007F04EF8BAF1000F02D19BF8050070B308
:10175C00284602F079F807F00BF99BF8050068B9F8
:10176C000A99009805F0BFFB10B101208BF80D0011
:10177C00284603F02DF900208BF8E800B8F1000F93
:10178C001CBFDBF8FC00C8F800009BF80B0030B164
:10179C0000208BF80B006FF00D00BDE8F88F9BF864
:1017AC000D00002818BF6FF00C00BDE8F88F07F093
:1017BC00DFF8D5E9007497F84400C00615D5D7F8C2
:1017CC0040C0BB6C284610210022E0470DE0D7F842
:1017DC00FC00314609EB0002204605F009FCD7F865
:1017EC00FC10361A0144C7F8FC10002EEFD120462D
:1017FC0006F0EAFE0028FAD0204606F0EBFF97F838
:10180C004400800605D53C6CBB6C28462021002288
:10181C00A0470020B8F1000F87F8E800C5D0D7F832
:10182C00FC00C8F800000020BDE8F88F2DE9F04757
:10183C00012816D1DFF830A1DAF83401012813D1D0
:10184C000220CAF8340106F09BFA0120012405F0AD
:10185C00B3FC60B1CAF8344106F0A2FA4FF0FF3481
:10186C007FE06FF001047CE06FF0040479E09AF8FB
:10187C005A419AF859119AF85801002C18BF0124B2
:10188C00002918BF0234002818BF0434012006F0C8
:10189C0077FF013818BF01209AF83811B1FA81F19D
:1018AC00490910EA010902D1002001F035FEDAF8ED
:1018BC0008002E4D10F0010807D12D4F286A8168C1
:1018CC00384688470428F9D00646404606F0DBFF28
:1018DC00B8F1000F08D1012E04D1286A0121426809
:1018EC002348904706F028FE28684169204688471F
:1018FC009AF8540118B14FF4806006F047FF9AF83B
:10190C00530118B14FF4816006F040FF19480121D2
:10191C00016003200021CAF83401174801602046F9
:10192C0004F032FF0128FAD1144E3068042005F07F
:10193C0043FC044612480125B9F1000F05603068DC
:10194C0002D1012001F0E8FD06F0DCFF082005F0D3
:10195C0033FC0443CAF8345118BF4FF0FF3406F07F
:10196C001FFA2046BDE8F08700000020B8010010E7
:10197C0000400340282008600C2008402C2009401F
:10198C000C40094080B59EB01C901B911A92199383
:10199C00002006900C9009A8079005F0E3FF0DA815
:1019AC0006F002F9069A079B1C980260502110461B
:1019BC0002F08AFF0C900C9818B9FFE70C201D90D0
:1019CC0084E049F21420C0F20000006840F2F841B3
:1019DC00C2F2000188601B9830B9FFE740F2F84072
:1019EC00C2F20000059002E01B980590FFE70598F5
:1019FC000890089800681090089840681190089911
:101A0C0048688968049120B9FFE70898C06803907A
:101A1C0002E000200390FFE7049803990844129019
:101A2C001A980E900C980F90199814904FF0FF3054
:101A3C00109008980069002818BF01200C990863C1
:101A4C001A980C9948630C9800210191C1620C986A
:101A5C0081630C98C163089800680C9A90600C988C
:101A6C0041640C98483006F00DFC16A8029006F064
:101A7C00E1FC0199029A01208DF858000C98103065
:101A8C0005F04EFD47F26D30C0F200000DA909AA19
:101A9C0004F086FC0C99C8600C98C06830B9FFE75C
:101AAC000C9805F046FC0C201D900FE01A980C9930
:101ABC00C96848630C981C9908600C98C068089910
:101ACC00096800F025FB00201D90FFE71D981EB053
:101ADC0080BD70472DE9F047DFF83491D9F840A06C
:101AEC00BAF1000F00F088800AF10C020820FF21E7
:101AFC0051FA80F0C3B21B1A18BF012312686AB1E5
:101B0C0063B11388A3F60303012B01D90432EFE769
:101B1C00DAF8100092E8FA003830FAC0DAF8082047
:101B2C000025DAE90A10CAE90A55B2B110F0E2440C
:101B3C000CD021F00F0220F0E2434FF0000852EAE3
:101B4C00030005D006F0CBFDB04701E08846044603
:101B5C0006F0C5FD42462346B04706F0B5FC0446E8
:101B6C00B9F8560001306FF31F30A9F856004FF644
:101B7C00FD70AAF8300009F140008AF8335006F0E5
:101B8C0036F8204606F0B8FCB9F85600B9F85410EF
:101B9C00884231D11F48204940680D6830B190F817
:101BAC00FC200720002A08BF052000E005204C6817
:101BBC0003F0E0FC55B195F8FC00002100284FF033
:101BCC00000008BF286885F8FC1000E0002044B134
:101BDC0094F8FC200021002502B9256884F8FC103B
:101BEC0000E00025A84288BF0546681C04D02DB92A
:101BFC00BDE8F04706F0BAB9BDE8F08706F0B3FDD2
:101C0C00B5FBF0F10548BDE8F04706F0BBBA00BFE4
:101C1C0024030020F0010020C0020020608000207E
:101C2C0080B588B001208DF81F0006F067FE06F025
:101C3C00B9FD06F0BDFD0690069800F00C000C28CE
:101C4C0007D1FFE700BF00BF06F09DFE00BF00BF3D
:101C5C0081E09DF818004007002842D4FFE704F00B
:101C6C001EFF0590059849F20C21C0F2000109688D
:101C7C0048430490049802900121084606F068F944
:101C8C000146029888422BD9FFE749F20C20C0F29A
:101C9C0000000168F020B0FBF1F10598401A0590A6
:101CAC0040F20000C2F200000C30019006F0FAFD88
:101CBC00059906F0B9FC019806F0F4FD06F0B8F9A8
:101CCC0000BF00BF0120FFF7B1FD00BF00BF0198AE
:101CDC0006F0E8FD06F026FD00208DF81F00FFE75A
:101CEC00FFE79DF81F00C007A0B3FFE700BF00BFD0
:101CFC009DF818000007002826D4FFE7FFE740F204
:101D0C00D810C1F200000068816844F20000C4F2EF
:101D1C00030088470390FFE703980428EFD0FFE700
:101D2C009DF81800C006002803D4FFE7039820B9DB
:101D3C00FFE7012006F02BFE03E0002006F027FE53
:101D4C00FFE706F039FC02E006F01DFEFFE700BFDE
:101D5C0000BFFFE7FFE706F0D5FD08B080BD80B5FA
:101D6C008EB00C900B910A920A98019001980C99E4
:101D7C00896A0139084204D0FFE70C98806A019007
:101D8C00FFE70B98059005980C99896A0139084072
:101D9C00029040B1FFE705980C99896A029A891A5A
:101DAC0008440590FFE705980B99884203D2FFE79A
:101DBC0000200D906FE00C98203009900998006875
:101DCC000790FFE70798002862D0FFE70798406864
:101DDC00069007980199013908400290029828B1A1
:101DEC00FFE701980299401A0290FFE706980599BF
:101DFC00029A1144884244D3FFE707980299084499
:101E0C0006F06EFD039006980599401A0299401A47
:101E1C0004900298C0B1FFE70298079948600498B3
:101E2C0088B1FFE703980599084406F059FD08901E
:101E3C000798006808990860049808994860089801
:101E4C0007990860FFE719E0049888B1FFE7039849
:101E5C000599084406F044FD089007980068089915
:101E6C00086004980899486008980999086004E08B
:101E7C000798006809990860FFE7FFE703980D9041
:101E8C0009E007980990079800680790FFE799E721
:101E9C0000200D90FFE70D980EB080BD80B58CB082
:101EAC000B900A9106F06AFA01900120009005F05F
:101EBC00E7FF01460098049140F25821C2F200015C
:101ECC0081F85C00002081F85D00486D0890049852
:101EDC00089A801A069008988A68801A07900498C5
:101EEC008968401A03900798039988420BD9FFE739
:101EFC0040F25821C2F20001002081F85C000198E8
:101F0C0006F002FC66E0019806F0FEFB002009904A
:101F1C00FFE70698099988420ED3FFE708980999BC
:101F2C000844089009990698401A069008990120CF
:101F3C0001F0EAFC0990ECE706F020FA019040F27F
:101F4C005820C2F2000090F85D00C00730B1FFE7E6
:101F5C000899002001F0D8FC0990FFE7099801309E
:101F6C0058B9FFE740F25820C2F20000806D05908E
:101F7C00089805990844029018E009980699401AA7
:101F8C000590059840F25821C2F20001896D8842F3
:101F9C0007D9FFE740F25820C2F20000806D05908F
:101FAC00FFE70898059908440290FFE70598029905
:101FBC0005F072FE40F25821C2F20001012081F8B6
:101FCC005E00002081F85C0008988860019806F09B
:101FDC009BFBFFE70CB080BD2DE9F84F4FF0005490
:101FEC00002A994616460F46804618BF4FF080448B
:101FFC004D1C06F069FA824635B14046394600223E
:10200C0004F0E4FB07460FE03C48816C11B1096910
:10201C00414506D0C16C11B10969414503D0876BAC
:10202C0002E0876C00E0C76C37B197F93300B0F170
:10203C00FF3F03DD04245BE0032459E0DFF8BCB070
:10204C000A9DDBF84800874218D0DBF84C00874229
:10205C0029D0404639464A462B4602F0ADFB0028B3
:10206C00E8D02748017E012941D0007E04283ED0CB
:10207C0024482549283006F04FF938E0DBF84800B1
:10208C000022234605F05CFB06F073FB1F48002E74
:10209C0018BF00F5803005F033FEF5B1DBF84800D1
:1020AC0006F0ECFB0CE006F064FB1848002E00F187
:1020BC0000501CBF0120C2F2024005F021FE65B1A8
:1020CC00DBF84C0006F0DAFB38690E49086291F82F
:1020DC00240040F0010081F82400B9F1000F06D073
:1020EC00DBF83810404601222B4602F065FB8324B6
:1020FC00504606F001FA2046BDE8F88F2403002074
:10210C00F0010020C0020020020000400100010488
:10211C0080B588B00690059105F0C2FF029006F0DC
:10212C002DF901900698406904900498059988420D
:10213C0009D1FFE7019806F0E7FA029804F0ACFB2E
:10214C00049807907BE00598B0F1FF3F09DCFFE7AE
:10215C000020039040F2F830C2F200002C300090C6
:10216C000DE0059901208840039040F2F830C2F24E
:10217C000000006A059900EBC1000090FFE706988B
:10218C0090F82000012836D1FFE7069805F05EFF95
:10219C000698C06C06F081F850B1FFE7069882698A
:1021AC0040F2F831C2F20001C8689043C860FFE702
:1021BC0040F2F830C2F200008069069988420CD1D6
:1021CC00FFE7009840F2F831C2F20001C8610098B4
:1021DC000068069905F004FB04E00098069905F0E8
:1021EC00EBFAFFE7039A40F2F831C2F20001C8683B
:1021FC001043C860FFE70598069948610398069953
:10220C00886100980699C8640598B0F1FF3F07DC17
:10221C00FFE740F2F831C2F200010020C861FFE78D
:10222C0040F2F831C2F2000101200874019806F066
:10223C006BFA029804F030FB04980790FFE70798BC
:10224C0008B080BD2DE9F0410546880058BFBDE8B7
:10225C00F0810020002403F063FD3D493D483E4FD2
:10226C00CC61086040F60A008846B887FC8797F86E
:10227C00480000F0F00087F848003C6497F84900EB
:10228C0000F0F000013087F84900284601F0CAFE42
:10229C00AC68012021460E46496849B10A88A2F66D
:1022AC000302072AF7D800FA02F212F0830FF2D0D9
:1022BC00707B00F0F000707307F13C0070602748F1
:1022CC00806B28B1C0680088A0F6030002281AD3DE
:1022DC00284630F8381FB1B10021E96369873864AA
:1022EC0095F8440095F8451000F0F00085F844008E
:1022FC0001F0F000013085F8450097F8490000F036
:10230C00F00087F8490005F0FDFF1548F86197F8D3
:10231C00250030B105F000FA0028FBD004F0D6F807
:10232C000BE0012006F02CFA012806D0707B00F09F
:10233C00F000013070730B48F86100202146C8F89A
:10234C001C00C8F800400120BDE8F04105F048BD74
:10235C000010044001010E04F001002024030020B1
:10236C003D000000C96200001EF0040F14BFEFF323
:10237C00098169468869A1F1480214BF82F3098872
:10238C00954621ED100BF1EE102A41F8082DEFF3D4
:10239C00118102B400B5DFF8D8E0F047374A126873
:1023AC00116801EA000010605DF804EB1EF0080FE4
:1023BC0009D101BC80F311885DF8080BE1EE100A1D
:1023CC00BDEC100B704704BC1EF0040F14BFEFF3F0
:1023DC0009816946A1F1200114BF81F309888D465A
:1023EC004A604FF08070C86125488861234B1B6898
:1023FC001868086040F201101860704702B401B40C
:10240C00EFF3148100291CBF002282F3148802B45C
:10241C0002B4DFF860E0F04701BC01BC00281CBF2F
:10242C00022181F3148801BCDFF84CE0F0470F481F
:10243C004FF08051016001BC80F3118800BF00BFD8
:10244C00FFF7FEBF1EF0040F14BFEFF309816946BE
:10245C0001F1200151F8080BE1EE100AB1EC100B60
:10246C0014BF81F309888D46704700BF04ED00E06E
:10247C004B4D0000C3830000D58300000492000084
:10248C00082400002DE9FF413B4E96F8420100283C
:10249C006AD1012086F8420106F07EF9374F86F8A2
:1024AC007001374D7868C6F86C01387B86F84101AD
:1024BC00A86810F4402F13D1386988B128686421BA
:1024CC00C0F3066000FB01F406F04DF9B4FBF0F22A
:1024DC002C4906F19400002303F040FB06F024F88D
:1024EC0001AC204605F0A2FE2749A846002506F1BE
:1024FC000C00002206F0E5F8204605F097FE234973
:10250C0006F15000082206F0DCF8214A06F1D8004A
:10251C003221002303F0D8FB1E4C1F4A06F1F400B5
:10252C002C2100232560454603F0CEFBD8F808008B
:10253C00797BC0F3815021B1032804BF012186F8B7
:10254C003911032803D040F00200022810D1206872
:10255C0040F040002060022004F0E6FD686840076F
:10256C0002D4002004F0E0FD002004B0BDE8F081AE
:10257C0004F02EFCF2E700BF000000205091000098
:10258C00AC4F005007870000774100002D69000018
:10259C00ED550000902208401D1200002DE9F84373
:1025AC001D46434BDDF8208043F606061C68038865
:1025BC0014F0007411D0B34227D0B3F5C15F33D0FF
:1025CC0040F60206B3423ED100F112030B604169A2
:1025DC00116081692960C1692EE0B3420AD0B3F55C
:1025EC00C15F03D040F60206B34203D100F11203DF
:1025FC00143002E000F11A031C300B60006810600C
:10260C0000202860C8F800004BE000F11A034FF0DE
:10261C0000090B60C1691160016A2960416AC8F840
:10262C00001000F118011CE000F112030B6041696D
:10263C001160416A2960816AC8F8001000F110012C
:10264C0090F80F900DE000F11A030B60C169116056
:10265C00816A2960C16AC8F8001000F1180190F86D
:10266C002490286868B10E8806F032F8042808D83F
:10267C00074606F00701484603F012FA296841F8AC
:10268C002700D8F8000060B106F022F8042808D81A
:10269C0005464846FF2103F003FAD8F8001041F82C
:1026AC002500002C18BF01242046BDE8F88300BF8C
:1026BC009412005080B596B0149013911398013079
:1026CC00B8B1FFE71398A0B1FFE702A8019006F09C
:1026DC00E9F8139A46F6ED11C0F200010CAB04F0C8
:1026EC00B4FF019806F0DEF80F9002208DF8400040
:1026FC0005E000200F9003208DF84000FFE71498B0
:10270C0014300B9005F03AFE12901498408A002871
:10271C0047D1FFE7139838B9FFE7129805F0F4FF9B
:10272C0000208DF8570048E005F0BAFC119006F037
:10273C009FF80E900E990CA8009048620E9802F02B
:10274C00A5FC00990B9805F037F89DF8400002287D
:10275C0007D1FFE70F9805F05DFC0F9800F03AFCED
:10276C00FFE7129805F0D0FF119804F095F805F0EA
:10277C0005FE12900F9830B1FFE70F9805F04CFF53
:10278C0000200F90FFE70E9900204862129805F088
:10279C00BBFF9DF84000002818BF01208DF85700A2
:1027AC000BE01498408A013814994882129805F06D
:1027BC00ABFF01208DF85700FFE79DF8570016B0CE
:1027CC0080BD70472DE9F84F3C4C3D4E3D4D42F6D7
:1027DC002A294FF0010A4FF0030B00274FF0050890
:1027EC00D4F83C01062833D8DFE800F00433183B5A
:1027FC00203D4B000F20F060C6F8109004F0C8F993
:10280C0045F804AC55F8040C8007FBD5C6F81CA0A1
:10281C0094F8390190B10120EF6210E02F60C4F8F8
:10282C003CB128688007FCD40320DBE72F60C4F898
:10283C003C8128688007FCD40520D3E70320C6F828
:10284C0000B0C4F83C012F6029688907FCD4C9E7A3
:10285C00FEE70126022084F83A6104F081F82E602C
:10286C0009E0022000E0032084F83A01002004F083
:10287C0077F80120286004F15000BDE8F84F05F00E
:10288C000BBE002045F8040C286055F8040C80079A
:10289C00FBD428688007FCD40B4800250121056077
:1028AC000A4801600D2001F067FB022004F06CFB6C
:1028BC00C4F83C5184F83B51BDE8F88F000000206F
:1028CC0000400C4058600C403C500C4004800C40C4
:1028DC0080B584B0039002910298002860D1FFE784
:1028EC0005F0DEFB019005F049FD0090039890F88F
:1028FC002000012824D1FFE7039805F0A7FB0398DB
:10290C00C06C05F0CAFC50B1FFE70398826940F235
:10291C00F831C2F20001C8689043C860FFE7039821
:10292C00406A60B1FFE70398406AC06830B1FFE7C6
:10293C000398406AC06805F06FFEFFE7FFE7FFE70A
:10294C00039890F82000022815D1FFE70398406AFD
:10295C0080B1FFE70398406A05F078FB0398406A62
:10296C00C06830B1FFE70398406AC06805F054FEB8
:10297C00FFE7FFE7FFE7039890F82000032804D156
:10298C00FFE7039805F062FB03E0039803F04FFEAA
:10299C00FFE7009805F0B8FE019803F07DFFFFE714
:1029AC000298012801D1FFE715E00398006B013074
:1029BC0038B1FFE70398826AC16A006B04F0C6FD68
:1029CC00FFE70298022801D1FFE704E002980328F0
:1029DC0001D1FFE7FFE704B080BD7047B0B50C46EE
:1029EC00880722D4600758BFB0BD354D0120A870B0
:1029FC00042004F099FB33480068006B8047E860C2
:102A0C002D48806BF0B16968046961B1A1420AD0AC
:102A1C0094F82800400704D5636A2046042100225C
:102A2C009847012060766C600DE0FFF753F8224860
:102A3C00006CE0B3214844F002012830BDE8B040FE
:102A4C0005F06ABC6C6860681F4900780860022059
:102A5C0004F06AFB102001F087F9012028761B484E
:102A6C00807810B90D2001F07FF96868416818482A
:102A7C008A680AB9C96821B100218160154940F8FA
:102A8C00141C154907220A60016800210160426884
:102A9C0041601249124AE9610168114301601A2030
:102AAC0005F01AFD1920BDE8B04005F015BDBDE8D4
:102ABC00B04002F02FBF00BF24030020C002002052
:102ACC00F00100208C010010D021084088910000FA
:102ADC00141004405100070600000460512200004D
:102AEC0002400040FEB5D0E9005401A805F0BCFC42
:102AFC0095F834003649374A384E085C95F835104D
:102B0C00515C354A084395F83610515C2A6B40EA03
:102B1C000103316820684F680299B847206840F279
:102B2C00F272E1692E4B2F4F426494F854209A5C58
:102B3C0094F85530FB5C1A430129426311D10146CC
:102B4C00D4E90A2351F8307FFF2A27F4004718BF35
:102B5C0007F50047FF2B0F6009D00A6842F480424A
:102B6C0008E0014651F8302F22F400420A600A684E
:102B7C0022F480420A60C16A41F01001C162016B0B
:102B8C0041F001010163E16B09B3A16BF9B10121C2
:102B9C0005F034FBD5F85801E16B40680068C16260
:102BAC00C0F8041591FAA1F17268B1FA81F1536879
:102BBC00022298477068A16B02224368D5F858012D
:102BCC0091FAA1F1B1FA81F1406800689847FEBD15
:102BDC0000920000E68F0000E8910000D001001088
:102BEC00F2910000ED9100002DE9F047A4B005F042
:102BFC006BFC33490A78012A04D124B0BDE8F047B4
:102C0C0005F07ABC4FF0010981F8009005F074FCD6
:102C1C00FFF738FC082001F0A7F821AC204605F09E
:102C2C007BF9DFF8A0A0294A10212346DAF80C0022
:102C3C002290254803F048F82548002501AE047879
:102C4C00244890F800804746A74213D8DAF80000D1
:102C5C0050F8271021F0FF0046F82700880707D40A
:102C6C00F8B201F0010105F027FC09FA07F0054361
:102C7C000137E9E7184805601848C16801F44001BC
:102C8C00B1F5800F07D10068000E56F8201041F006
:102C9C00070146F820101248A4EB0802042306EBA7
:102CAC00880103EB820240EA880005F079FE0D48AA
:102CBC002022016862F30D21016024B0BDE8F08789
:102CCC00A105002078910000408200200D670000D3
:102CDC001A91000019910000D0200240A84F00501A
:102CEC00001008400030094080B588B0DDF828C0DD
:102CFC0006900591049203930598362810DBFFE7A4
:102D0C00FFE70A98059B6A460021116048F660723D
:102D1C00C0F2000203F0E2FDFFE7012007905FE044
:102D2C0005980699C88140F2BC30C2F20000406B95
:102D3C00059950F8210047F27571C0F200018842E4
:102D4C0010D0FFE7FFE70A98059B6A460021116047
:102D5C0048F6C552C0F2000203F0C0FDFFE70120A7
:102D6C0007903DE0059802F019F90498069948601F
:102D7C00039840680699086003980069013020B9EF
:102D8C00FFE70699FF20087304E003980069069991
:102D9C000873FFE70699002088600398007AC00743
:102DAC0020B1FFE7069901208860FFE70398007DBA
:102DBC00C00730B1FFE70699886840F002008860D0
:102DCC00FFE706980A9901F03BFD0290029820B1AA
:102DDC00FFE702980230079002E000200790FFE71F
:102DEC00079808B080BD70472DE9FE4F4FF4804026
:102DFC0005F08AFBA0B1354C35496068D1F8132039
:102E0C0009786FF39F5201F00401806842EA417126
:102E1C0001AA00F04FFC60688168012004F0E0FF1B
:102E2C002E482C4F2C4D44F2020B00244FF0000A7C
:102E3C0000F14009BAF1020F3CD055F82A80D8F8BD
:102E4C000000A0B3D8F80000806905F05DFB0646D1
:102E5C00D8F800000023324604F072FC16F00A0F7A
:102E6C001ED0D8F800008069B9686BEA00000840F1
:102E7C00B860D8F80000C069396821EA00003860F1
:102E8C001020D8F8001004F0ABFFD8F8001048461A
:102E9C0004F08DFD002044F00204C8F8000006E0A8
:102EAC002EB1D8F800000D4944F4804408650AF1AD
:102EBC00010ABFE724B10A482146283005F02CFA54
:102ECC0001F088FABDE8FE4FFDF744BEF00100208A
:102EDC00850300210C100440B8910000240300204D
:102EEC00C00200202DE9FC4706680446707A0028D1
:102EFC006BD0D4F80490D6F85801D0F80480D9F8E7
:102F0C003470204602F0D6FB706F20B306F14C05EE
:102F1C00284605F042FD316F884221D230790228D3
:102F2C001ED0B06E002850D0204602F0C3FB346F88
:102F3C00284605F032FD201AD6F868A0B46F7067E9
:102F4C00284605F02AFD0021F1740AEB040108441F
:102F5C000190706F0CE0B06E10B1306F0028D5D1BD
:102F6C0006F14C0001A904F0CDF901217067F17450
:102F7C0058B30021B0F5806FB17384BF4FF48060FB
:102F8C007067012301990144013979601049B960D6
:102F9C0043F6F07101EB00100840B9680843B860C3
:102FAC00D9F83C10D9F8000091FAA1F2B2FA82F2E9
:102FBC0003FA02F2D8F800309A61D6F85821526818
:102FCC0012689162012105F025F9BDE8FC8700BF6C
:102FDC000180000C80B588B007900799886808625A
:102FEC0000208DF8070040F25820C2F2000090F843
:102FFC005E00C007002840D0FFE740F25820C2F224
:10300C00000090F85C00C007B8BBFFE7012004F09B
:10301C0037FF0690069840F25821C2F200018A68E8
:10302C00801A0590486D8968401A03900598039999
:10303C00884221D8FFE701208DF807000699079AEE
:10304C0093681944D1600799087540F25820C2F270
:10305C000000406D049004980699401A029007985D
:10306C0080680299884206D2FFE707998868C96888
:10307C0004F012FEFFE7FFE7FFE79DF80700C0072B
:10308C00E8B9FFE704F0F7FD0690069807998A68FF
:10309C001044C86007990120087540F25820C2F20C
:1030AC00000090F85C00C00740B1FFE740F25821E7
:1030BC00C2F20001012081F85D00FFE7FFE708B0D4
:1030CC0080BD80B587B084460998CDF814C00491B2
:1030DC00ADF80E208DF80D30ADF80A00BDF80E00DD
:1030EC009DF80D10BDF80A20083222F003020432BC
:1030FC005143884204DAFFE701208DF81B004FE0B2
:10310C00BDF80A00083000F00300C0F104008DF88F
:10311C0009000498019000200090FFE700989DF8AA
:10312C000D1088422ADAFFE7019A0098BDF80A10C0
:10313C009DF809301944083100FB012004900499D2
:10314C00002008710499487900F0FC00487104993A
:10315C00487900F0F3004871BDF80A000499C88062
:10316C000499BDF80A0008449DF809201044083061
:10317C000860FFE7009801300090CFE701980499B0
:10318C00086001980599086005990020486001992C
:10319C0048F29422C2F2000211608DF81B00FFE786
:1031AC009DF81B0007B080BD80B584B005F0E6F833
:1031BC0040F2BC30C2F2000043F60021C2F2010121
:1031CC00416140F20061C0F20001C161016A4163DA
:1031DC00016A4EF60850CEF200000160006840F221
:1031EC000001C0F2000188422DD0FFE740F2BC3054
:1031FC00C2F20000016A0291406B01900020039022
:10320C00FFE7039835281DDCFFE703980E280BDC3D
:10321C00FFE7039A40F20000C0F2000050F82200D1
:10322C00029941F8220008E00199039A47F275705F
:10323C00C0F2000041F82200FFE7FFE703980130DD
:10324C000390DEE7FFE74EF60C51CEF20001086862
:10325C0020F47F400022C0F2FA52104408604EF66F
:10326C002251CEF20001202008704EF61451CEF2FD
:10327C0000014FF4007008604EF63471CEF200017C
:10328C00086820F04040086004B080BD2DE9F84388
:10329C0015460C46804601F009FE2C4800212D4FA6
:1032AC0001602B488146006838688169272088476F
:1032BC00294E2A49306B08403063B06F20F480707F
:1032CC00B0673868016B4FF4806088473868016BD1
:1032DC004FF4816088473868016B4FF4C0608847B1
:1032EC001F48012101601F48C6F880413160016808
:1032FC00890704D4691C08BF4FF04045C560D9F854
:10330C000000F0698007FCD5072003F01BFA0228A7
:10331C00FAD1B8F1000F13D1134C386A81682046EA
:10332C0088470428F9D0012804D1386A032142685F
:10333C0020469047D6F8180220F00300C6F8180271
:10334C003868806BBDE8F843004700BF0C4009406B
:10335C002C200940B80100100C200840FFFFFEFE95
:10336C0028200860100009400040034088B00790F6
:10337C000691059205980799896A013908400490CD
:10338C0040B1FFE70798806A0499411A05980844F0
:10339C000590FFE707982030039006980290039859
:1033AC0000680190FFE701990020009041B1FFE710
:1033BC000199029A0020914238BF01200090FFE74A
:1033CC000098C00730B1FFE701980390019800689E
:1033DC000190E8E701980299086005980299486005
:1033EC00029803990860019898B1FFE70298059933
:1033FC000844019988420BD1FFE7019800680299B3
:10340C000860019842680299486810444860FFE7D8
:10341C00FFE7039807992031884212D0FFE7039801
:10342C0041680844029988420BD1FFE70298006872
:10343C0003990860029842680399486810444860F0
:10344C00FFE708B07047704770B52548066804F070
:10345C004FF924480025244C0560206C806C804773
:10346C002248006838B122480068B6F1FF3018BF16
:10347C00304600F0D1FC1F4840F2391205601E485E
:10348C00016862F31B4101601C48016801F4405162
:10349C00B1F5805F06D10168194A114001F500327F
:1034AC0002600160174D0126EE612068016A14204C
:1034BC0088471548016841F4E021016013482E60EB
:1034CC00006800F44000B0F5000F03D1206C416C93
:1034DC000F4888470F4801680029FCD170BD00BF18
:1034EC001C13005084046042B0010010800128437A
:1034FC00800520438C2108404820034028000940C7
:10350C00EFFFFCFC0000244300200940B44F0050A6
:10351C00BD3786000C00684270B5F8B1012858D14F
:10352C00012005F02DF9012853D02D4C94F83801C9
:10353C0000284ED12848294E0569306810F4402FD8
:10354C0030D17DB304F00CFC502005F00EFA0120B4
:10355C00A84704F1940004F09FFF25E005F015FA4C
:10356C001E48006810F4402F0AD11B4804693CB176
:10357C001B48943004F098FF04F0E2FB0020A047B5
:10358C00174C94F8380120B31648016821F08001DB
:10359C00016080218160032003F0F6FC002084F898
:1035AC00380116E005F0F5F9012084F8380130688F
:1035BC0010F4402F00D14DB9207A800606D409486A
:1035CC0080218160016841F080010160032003F0DB
:1035DC00ABFD002070BD00BF50910000B44F0050F7
:1035EC0000000020902208402DE9F84F1E4614469A
:1035FC000F46814604F068FF804604F0E1FB00288A
:10360C004AD005462848DDF82CB004F04DFFDFF811
:10361C009CA0274A0A9B4FF0FF31BAF854001A407D
:10362C00023201306FF31F30AAF854000020AE6054
:10363C0085F83240C5E90379C5E90F100BF020017C
:10364C0085F8440085F838006863C5E90800C5E9C9
:10365C0006218022BAF85410A5F85000C5E91200D2
:10366C0085F833202986397B01F00F01022904D11A
:10367C00012185F83810B968696389F8FC000AF1F2
:10368C003800294604F093F9DAF83800A84208BF4C
:10369C0002F040F92C8E01E04FF6FE74404604F027
:1036AC002BFF20B2BDE8F88F60800020240300209F
:1036BC00FDEFFF9FF0B585B00D4600211446CDE916
:1036CC000311CDE9011101A9009104A903AA02ABD0
:1036DC00FEF764FF029F002F394618BF0121019E9F
:1036EC000140002E324618BF01221140002D10D48B
:1036FC0011B3049840F22B2105806FF39F55384687
:10370C002A4604F02DFA0398314601F09FFF6760BA
:10371C0010E0C9B104984FF0FF316FF39F552A4662
:10372C00018030462B2104F01BFA0398314602F03D
:10373C00BFF8666015201EE0C8B104984FF6FF7202
:10374C000188914214D110E078B16FF39F55039822
:10375C002B212A4604F004FAFF2806D004984FF0D7
:10376C00FF3101801420656005E0032005E004981A
:10377C000580658010202080832005B0F0BD80B5C9
:10378C0088B007900798069004F08AFC0190069880
:10379C00483005F08CF804F080FD20B1FFE701986B
:1037AC0003F07AF84EE0019803F076F848F25C20CA
:1037BC00C2F2000005F085F84FF0FF31FEF77AFFFA
:1037CC000698483005F073F805F022F80590FFE7ED
:1037DC00059800900698483005F069F80146009865
:1037EC00884226D0FFE70598029002980069039062
:1037FC00029880680490059805F010F805900298DE
:10380C0004F024FC039804F021FC0498006850B1E7
:10381C00FFE70298C06830B1FFE70498016802988E
:10382C00C0688847FFE7039900201C2203F08EFE36
:10383C00CEE748F25C20C2F2000005F042F800F03E
:10384C0031FFFFE708B080BDF8B505680446D5F830
:10385C00F80000B1F8BD68796668022807D105F157
:10386C00D000694604F0D4F9C5F8F80009E0D5F8A1
:10387C00EC10D5F8FC20D5F8F4001144C5F8F8008C
:10388C0000910028E6D031688A6B22F400628A63CA
:10389C0095F84410C9060AD52F6C47B1297A31B96D
:1038AC00AB6C204610210022B847D5F8F800B0F5D3
:1038BC00806F84BF4FF48060C5F8F8000099336BBB
:1038CC0001444A1E3168B66B1A600E4A9A6043F680
:1038DC00F07202EB001010409A6810439860D5F813
:1038EC0058014068006886620846022104F092FC88
:1038FC00287A0028AED120460121012603F0D3FFFF
:10390C002E72F8BD018000C080B588B08DF81F0004
:10391C0006914FF0FF30059040F25820C2F20000A3
:10392C000490049804F074FF0390039804F07CFF57
:10393C000290FFE703980299884242D0FFE7039870
:10394C000190039804F06AFF03900198007DC00772
:10395C00B0B3FFE79DF81F00C007E8B1FFE701987F
:10396C00C0680699884216D1FFE70198006920B912
:10397C00FFE701990020087508E00199C8680A69F9
:10398C001044C860019908690862FFE701988169D1
:10399C00C0698847FFE7FFE70198007DC00770B159
:1039AC00FFE70198C0680699401A009000980599A5
:1039BC00884203D2FFE700980590FFE7FFE7FFE797
:1039CC00B8E7059808B080BD80B586B0059005981D
:1039DC00002857D1FFE740F2B840C2F20000C0689F
:1039EC00002848D0FFE704F037FC04F0C7FC40F295
:1039FC00B841C2F2000188690490C868C969019194
:103A0C0004F035FC0146019800EBC1000390FFE780
:103A1C000398049988422DD9FFE7039804F04DF9D7
:103A2C000290039804F039FC50B1FFE70298426A07
:103A3C0040F2B841C2F20001C8689043C860FFE789
:103A4C00029801F0E7FA40F2B840C2F20000C068F8
:103A5C0008B9FFE70EE040F2B841C2F20001C868B5
:103A6C00C969009104F003FC0146009800EBC10009
:103A7C000390CDE7FFE740F2B841C2F2000100200D
:103A8C000872FFE706B080BD2DE9FC412A4D95F880
:103A9C006100002844D000240026602C40D095F80A
:103AAC006100F040C00702D120340136F5E7112047
:103ABC0095F8618000FA06F704F006FD95F86110A0
:103ACC00B94385F8611004F017FD281928D0817AC4
:103ADC0031B31021194A2C59B14011EA080190F95F
:103AEC00091052F821804668CFB209D001F01AFAB9
:103AFC00002079B200224FF00073009020460EE0B7
:103B0C00017A022902D1C17CC90601D401F00AFA5A
:103B1C00CDF8008079B2204600224FF00063B04708
:103B2C0095F8610028B106480021BDE8FC4104F07D
:103B3C00F3BBBDE8FC8100BF407F00209430044003
:103B4C00E880002080B586B0049003910498039B14
:103B5C0047F28161C0F2000146F62D22C0F200024C
:103B6C0000F0B2FA0499C8610498C06918B9FFE76B
:103B7C000120059041E00499012081F8200004996E
:103B8C000020486204984069B0F1FF3F0FDCFFE76A
:103B9C00049900208861049940F2F830C2F20000C8
:103BAC002C30C8640499C86C03F070FA22E00498B5
:103BBC004169012088400499886140F2F830C2F2D2
:103BCC000000006A0499496900EBC100009000985C
:103BDC000499C86404F064FA029004F0CFFB0190DD
:103BEC00049804F08AF9019804F08EFD029802F012
:103BFC0053FEFFE700200590FFE7059806B080BD57
:103C0C0080B586B00490039102920193049804F05D
:103C1C0023FD02980068049908610398049948618F
:103C2C000298406804998861029880680499C86178
:103C3C000298C068013020B9FFE70499052008629A
:103C4C0004E00298C06804990862FFE704990A6AC4
:103C5C000120904048620499002081F828000298C5
:103C6C00006904990863029800690499C86240F2DB
:103C7C00B840C2F20000C06904990A6A00EBC200A5
:103C8C0048630498019904F0DBFD0090009820B182
:103C9C00FFE70098023005900BE0049800F1080152
:103CAC0040F2B840C2F2000003F0F0F90020059099
:103CBC00FFE7059806B080BD2DE9F84FFF2831D0FD
:103CCC00264B0C4605464FF4BE21AF0004F002080B
:103CDC0043EA80004158C9B2914227D121489A4603
:103CEC004FEA142947EA0006834604F0EDFB0BF17A
:103CFC000101220C86F8009039430A7046F002014B
:103D0C00220E0A7004F0F8FBB8F1000F02BF45EA6E
:103D1C000A0004F0010101701148012181EA5801E7
:103D2C00384316E04FF0FF30BDE8F88F00F5BE20A9
:103D3C0024F0FF0162B9B8F1000F02BF2B4304F06D
:103D4C0001041C70064B012484EA58043B431C609C
:103D5C00114301600020BDE8F88F00BF0020024035
:103D6C00001A4442011008402DE9F041254E054649
:103D7C00371804F0A9FB044697F84A01411C87F850
:103D8C004A1128B1204604F0B7FB0020BDE8F081B1
:103D9C00DFF8748018F8257007F03F00142898BFDE
:103DAC00FFF7E2FF08EB8500458878B2B0F1FF3FE2
:103DBC000CDD78061FD415480068416928468847F1
:103DCC00284602F0E1FC0128FAD1DBE70F4E3068FF
:103DDC00C169284688473068416A28468847306858
:103DEC00C16A284688470A480121016009480168D0
:103DFC008907FCD5C6E706EB8500D0F860110120D9
:103E0C008847BFE70000002040900000B801001078
:103E1C002820086028200840F8B505462248234E83
:103E2C004168890705D40168F02242EA114186F8FD
:103E3C004D101F494FF001221F4F0A601D49098880
:103E4C0039680968846820468847A00105D4E001D8
:103E5C0003D5307840F00200307038682146426853
:103E6C002846904703F030FC1448154A0068C0F30C
:103E7C0005311170C1054FF0130158BF23214023A8
:103E8C007354382101EA901000F56050A2F85C00E0
:103E9C003868816820468847022002F029FF0948CB
:103EAC0001210160F8BD00BFAC4F00500962084011
:103EBC0004A40C4000A00C40F00100100C140050A5
:103ECC000EB00C40940460428B4208BF824207D96A
:103EDC00009A002A01D01060516000210020704728
:103EEC00002B08BF002A10D1009A002A01D01060C4
:103EFC00516002000B0000210020002B08BF002A9B
:103F0C001CBFC943C043FEF76EBFF0B51C46154637
:103F1C000B46024600200021B4FA84F6202E04BF82
:103F2C00B5FA85F62036B3FA83F7202F04BFB2FA20
:103F3C0082F72037F61BB6F1200727BF05FA07F4E6
:103F4C0000257F42B4403EBF25FA07F73C43B540FD
:103F5C00A34208BFAA4201D3521BA341404149418D
:103F6C006D0845EAC4756408761EF1D5059F002FCF
:103F7C0001D03A607B60F0BDF8B5254F05463E1880
:103F8C0004F0A2FA044696F84A01013886F84A0170
:103F9C00000637D11F4810F9251000EB8500458825
:103FAC00CEB2B1F1FF3F0CDD70061FD41A48006889
:103FBC00816928468847284602F0C4FB0228FAD1BA
:103FCC001AE0154F3868016A284688473868816AB4
:103FDC00284688473868016B284688470F480121D6
:103FEC0001600F4801688907FCD505E007EB8500E7
:103FFC00D0F860110020884706F03F00142898BFC5
:10400C00FFF7BAFF204604F077FA0020F8BD00BF96
:10401C000000002040900000B8010010282008602B
:10402C002820084010B586B00146427E80680023E7
:10403C0043F606040593CDE90333029343800388CA
:10404C001C1B022C10D3B3F5C15F03D040F6020445
:10405C00A34212D1038A002A23F4FE6312BF038207
:10406C0043F43472028208E0038B23F4FE630AB13A
:10407C00038302E043F43472028300224A7602A9DD
:10408C00009105A904AA03ABFEF788FA28B105989C
:10409C004FF6FF71008888420ED0049C029920468E
:1040AC0001F0D4FA0748016821B1204606B0BDE8FA
:1040BC001040084706B010BD049C0299204601F040
:1040CC00F7FBEFE760050020B0B58CB00B900A91C0
:1040DC00099208930B98049049F21D20C0F200003D
:1040EC000078C007A0B1FFE70498C06A0590049857
:1040FC00806A0690FFE7069848B1FFE70599481CCF
:10410C000590BE200870069801380690F3E70FE082
:10411C0049F21C20C0F200000078C00738B1FFE75C
:10412C000498C06A05900599BE200870FFE7FFE768
:10413C00DDF810E0DEF82810DEF82C00DEF8342074
:10414C00DEF838400439099BDDF828C0DEF83C5015
:10415C00EE46CEF80850CEF80440CEF800C0FCF77E
:10416C00E7FD079007980CB0B0BD70472DE9F84FEC
:10417C0000248046002100220460684600F0D8FA32
:10418C00204DDFF884A081464FF0FF374FF0190B1C
:10419C000020602C1ED02A19917AB9B1107A02280D
:1041AC0016D0DAF80400418B0069084495F86210C7
:1041BC0011FB0B01506903F077F8064604F0D3FAB3
:1041CC00B6FBF0F0B84238BF074601202034E0E7D8
:1041DC000120002709EA0001012904D10099B94204
:1041EC0038BF0F4606E0B9F1000F01D0009F01E087
:1041FC00C10701D0C8F8007040EA090000F00100C6
:10420C00BDE8F88F407F0020F001002080B586B01B
:10421C00FFE740F2F831C2F2000100200874FFE71A
:10422C0040F2F830C2F20000C06818B9FFE703F0A2
:10423C0060FBF5E740F2F830C2F200000190016A31
:10424C000291C06804F013F801990246029800EB41
:10425C00C20005900598C969884218D9FFE740F259
:10426C00F831C2F200010091886904900598C86188
:10427C00059804F0CDFA014600988161806903909D
:10428C0004981C3003991C3103F0D2FAFFE7FFE7C6
:10429C0040F2F830C2F20000007CC0070028B8D110
:1042AC00FFE706B080BDF8B50446FD201D468DF82D
:1042BC00030020461E68324600F041F810B1012080
:1042CC008DF803009DF80300FD2815D1A6B1E06818
:1042DC00007B00F00F0002280ED1376820463146D3
:1042EC003A4600F02CF820B9002F3E46F5D10026B6
:1042FC0002E002208DF803009DF80300FD2804D194
:10430C00E06B10B104208DF803009DF80370042FAE
:10431C000FD0022F06D0012F0FD12846214603F0D3
:10432C0058FB0AE0326822B12846214603F0A8FA6D
:10433C0003E02846214603F03AFB78B2F8BD70B58D
:10434C00B2FA82F3B1FA81F45B096409B0B312B129
:10435C0090F844506DB389B191F844406CB3446B00
:10436C000E69096C05698908A408AE4214BFED6892
:10437C0000252944611AB1F1704F22DAB2B1D1682B
:10438C00097B01F00F01022915D1516B0569006CF5
:10439C00146980088908A54214BFE2680022104401
:1043AC00081AB0F1704F01DB012804DB0124012352
:1043BC0004E0002302E0012400E0002404EA0300EE
:1043CC0070BD00240029C8BF0124002AF6D00129A1
:1043DC00D5DAF3E72DE9F84F204E214FDFF8848032
:1043EC0000254FF0010B4FF002094FF0110A602D20
:1043FC0008BFBDE8F88F7C192ED0A07A01282BD1EC
:10440C00607A41B20BFA00F01131C0B20BFA01F133
:10441C00CA43326072681143716003F0C3FD04F14A
:10442C001000002103F00EF8812809D1A06920B1F9
:10443C00002103F007F8812802D184F80A900BE0E0
:10444C00607A97F861100AFA00F00843002187F8A7
:10445C006100404603F060FF2035C8E708100440B7
:10446C00407F0020E880002080B584B0039002914A
:10447C0002980068082805D8FFE70399082088628D
:10448C00009007E00298006803998862029800681F
:10449C000090FFE7029840680399C8610298806811
:1044AC00039948620398C06900990139084001904A
:1044BC0078B1FFE700980199401A0190019A03998D
:1044CC00C8691044C861019A0399486A801A486205
:1044DC00FFE70399486A009AB0FBF2F05043486238
:1044EC00039800F1100140F27850C2F2000002F083
:1044FC00CDFD039803F0AEFB04B080BD80B5A2B037
:10450C002190209140F2BC30C2F2000001210171D7
:10451C00806838B9FFE740F2BC31C2F2000102A852
:10452C008860FFE72198FCF71FF9032003F04EFB8E
:10453C004EF60450CEF200000068C0B20190019813
:10454C000E2810D8FFE7FFE7019B2198806B694686
:10455C00086048F6A442C0F200020021084602F0AE
:10456C00BDF9FFE70FE0FFE7019B2198806B6946DF
:10457C00086048F64E62C0F200020021084602F0C4
:10458C00ADF9FFE7FFE722B080BD80B586B040F201
:10459C00B841C2F2000188690590C868C9690291E6
:1045AC0003F065FE0146029800EBC1000490FFE7A2
:1045BC00049803F082FB0390049803F06EFE50B154
:1045CC00FFE70398426A40F2B841C2F20001C868A2
:1045DC009043C860FFE7039800F01CFD40F2B84020
:1045EC00C2F20000C06808B9FFE713E040F2B8411E
:1045FC00C2F20001C868C969019103F038FE014696
:10460C00019800EBC1000490FFE7049805998842DB
:10461C00CED8FFE706B080BD80B588B00690059176
:10462C000492039340F2BC30C2F20000406B059937
:10463C0050F8210047F27571C0F20001884203D096
:10464C00FFE7002007902AE006980599049A039B3F
:10465C0040F2485CC2F2000CEE46CEF800C001F00D
:10466C008BFB0190019818B9FFE70020079016E02A
:10467C0040F2BC30C2F20000406B059950F82100AA
:10468C0047F27571C0F20001884203D1FFE70020A8
:10469C00079004E00698029002980790FFE70798AD
:1046AC0008B080BD80B586B0059005981430019097
:1046BC0003F0F6FC049003F061FE0390019803F004
:1046CC00ECFDB0B1FFE70598007CC00720B1FFE717
:1046DC0005990120488205E00598408A013005992A
:1046EC004882FFE7039804F00FF8049802F0D4F81E
:1046FC001BE0019803F0E1FA029002990120087482
:10470C000298C06828B1FFE70298C06804F00AF864
:10471C00FFE702988068039901F0ACFF039803F05F
:10472C00F3FF049802F0B8F8FFE706B080BD7047BD
:10473C0010B504461E4849B138300068B0B1C368A2
:10474C001B7B03F00F03022BF7D101E0806B68B1E8
:10475C0002B11060C268137B03F00F03022B08D167
:10476C0051B101698A8DC968114415E000210020FE
:10477C001CE00120002119E012880169A2F6030255
:10478C00012A4A8B8CBF0969496919231144094ACA
:10479C0092F8622012FB0311406B02F085FD206041
:1047AC0003F0E1FF2168B1FBF0F10120216010BDA5
:1047BC0024030020407F00202DE9F84F07461E48B7
:1047CC0015460E46009300F138094C4624680CB18E
:1047DC00B442FBD14FF0000A00F1400B44B3206906
:1047EC00D4F80080B84220D1204600224FF08053EC
:1047FC0002F0A6FF009870B1204600224FF08073A3
:10480C0002F09EFF30690D49086291F8240040F0D7
:10481C00010081F824004846214602F040FF58462A
:10482C00214603F0C4F80AF1010A002D4446D5D103
:10483C005046BDE8F88F00BF24030020C0020020C2
:10484C0080B584B0039002910398B0F90E000190EA
:10485C000398007A8007002805D5FFE70398007BB2
:10486C001F280BD8FFE70399B1F90E00496802F035
:10487C00BBFC0399C8894042C88112E040F2BC30AD
:10488C00C2F20000406A009003980099019A41F826
:10489C002200019842F27531C0F2000102F0A4FC32
:1048AC00FFE701980399097B02F0AEF90398007AAF
:1048BC00C00720B1FFE7019800F047FDFFE703991F
:1048CC000020886004B080BD80B588B00790069148
:1048DC0005920493049803F0FEFF8DF80B000798E3
:1048EC0038B9FFE740F29C50C2F200000068079014
:1048FC00FFE7059820B9FFE704F05CF80590FFE7A7
:10490C000798D0F800C00699059A049BE0470390DD
:10491C000398C8B9FFE79DF80B00C00728B9FFE75B
:10492C00049803F0D8FF78B9FFE7FFE70498079BDA
:10493C0006996A46116048F6D762C0F2000200215F
:10494C0001F0CCFFFFE7FFE7039808B080BD84B00F
:10495C0003908DF80B1040F2BC30C2F20000C1691C
:10496C00039A5160406903998860039880680190AC
:10497C0001980078BE3818BF01208DF803009DF80F
:10498C000B00C007D0B1FFE79DF80300C007A8B922
:10499C00FFE7FFE7019801300190FFE701980078ED
:1049AC00BE28F7D0FFE70398406801994B1E01938E
:1049BC0003998A68D21A1044086003E00399002016
:1049CC000860FFE79DF8030000F0010004B0704799
:1049DC0070B50568D5F8F81031B3D5F8582144688E
:1049EC005668A16B20683268D162022103F006FC84
:1049FC00D5F85801A16B154A40680068C0F8041539
:104A0C0091FAA1F112683068B1FA81F1926990477C
:104A1C000446D5F8F800011B6879022806D105F187
:104A2C00D00002F058FC0BE000240CE0D5F8F400A8
:104A3C00D5F8FC200A44401AC5F8FC20C5F8F4004F
:104A4C000020C5F8F800204670BD00BFD40100104E
:104A5C0080B58CB000200B9003F035FCFEF7C4F849
:104A6C0005A8019002F0DCFD01980121049102914E
:104A7C00029902F029FD0390039810B1FFE7FFE7BC
:104A8C00FEE705A8009004A901F0EAFF00984FF496
:104A9C00036103F087FC01460398084303900398D5
:104AAC0010B1FFE7FFE7FEE740F6E762C0F2000255
:104ABC000AA805A90023FCF765FF0390039810B121
:104ACC00FFE7FFE7FEE703F0C7FC00200CB080BD5A
:104ADC0080B584B08DF80F0014200021029103F0F2
:104AEC00EBFC02988DF80E00FFE79DF80E000728EE
:104AFC001FDCFFE70A200190002103F0DDFC9DF88C
:104B0C000F009DF80E10C1F10701C84000F0010123
:104B1C00092003F0D1FC0198012103F0CDFC082001
:104B2C0003F023FFFFE79DF80E0001308DF80E0017
:104B3C00DBE70A20002103F0BFFC1420012103F065
:104B4C00BBFC4FF42F7003F010FF04B080BD80B598
:104B5C008CB00A9009910892089838B9FFE70A9826
:104B6C000999002202F0DAF9079028E00898806889
:104B7C0049F21021C0F200010968884208D3FFE70E
:104B8C0008988068013018B1FFE700200B9019E0FD
:104B9C0002A8019003F068FA019A08980068039043
:104BAC000898406804900898C06806900898806837
:104BBC0005900A98099902F0B1F90790FFE7079858
:104BCC000B90FFE70B980CB080BD80B584B00390C0
:104BDC0003F002FD029003980299086401206946D3
:104BEC0001F0A4FAFFE70298406C30B1FFE702989D
:104BFC00406C012102F0FFFCF5E70298FEF7BFFDC7
:104C0C000298006B38B9FFE70298103003F059FE98
:104C1C00FFF748FD0FE003F043FA019040F2985182
:104C2C00C2F200010868029A1060029808600198AC
:104C3C0001F032FEFFE70298C0684FF0FF31FDF73C
:104C4C0067FA04B080BD80B588B0079000208DF85D
:104C5C000B0007980390012001F00AF80398036CED
:104C6C00426C816DC06DC918504104910590DDF8FE
:104C7C0012000190BDF81400049A039BB3F8541071
:104C8C001B6DD21A884104D2FFE701208DF80B006E
:104C9C00FFE7039801999DF80B2002F0010200F048
:104CAC001BFB0399886DCA6D4A6508650498059AC3
:104CBC000399CA65886503998869C969884708B0EA
:104CCC0080BD80B586B040F2B840C2F200000090C2
:104CDC008069059003F052FB00990390C868C9697C
:104CEC00019103F0C4FA0146019800EBC100049055
:104CFC0004980599884216D9FFE703F0D1F9029080
:104D0C0044F29750C0F2000003F0D9F840F2B841D9
:104D1C00C2F2000100200872039803F0F5FC02981F
:104D2C0001F0BAFD09E040F2B841C2F200010020E6
:104D3C000872039803F0E8FCFFE706B080BD80B56D
:104D4C008AB0099008910792069301200490039071
:104D5C0003F014FB03F0A4F9049003F093F903900F
:104D6C00002002F033FF8DF817004EF60450CEF2FF
:104D7C0000000068C0B2029040F2BC30C2F20000E9
:104D8C00406A01900198029950F821000690099808
:104D9C000699886003F060FA0699086849688847A4
:104DAC0003F0ECFA9DF8170002F010FF0499039839
:104DBC0000EB01200AB080BD80B58CB040F2A2504F
:104DCC00C2F200000078C00708B1FFE72FE040F204
:104DDC00A251C2F2000101200090087003A80190BA
:104DEC0002F0E2FE0098019A0023069347F6300188
:104DFC00C2F2000107914FF4007108918DF82C005C
:104E0C0049F2FC00C0F20000039048F20800C2F224
:104E1C000000029048F24561C0F2000101F00CFB69
:104E2C00029840F2F831C2F200014863FFE70CB07F
:104E3C0080BD70471A481B4AD0F884100068114096
:104E4C00194A914211D1C0F30332C0F34061082AD0
:104E5C000ED0092A11D00F2A07D1020213D400F068
:104E6C008072A9B1A2B1112000E0FF2040B27047BE
:104E7C000A20002908BF0C20F8E74FF0FF3000296A
:104E8C0008BF0920F2E70E20002908BF0D20EDE72E
:104E9C000B20002A18BF1020002918BF0F20E5E7AF
:104EAC009412005000F0FF0F0010B40B10B517480F
:104EBC000168890726D417480468A00221D4164833
:104ECC00006800688047C0F13E000722C110072926
:104EDC00B8BFC210012000EB24718A42D8BF0A4629
:104EEC000E490968C1F30321891A0F29A8BF0F21A4
:104EFC000129D8BF014641F0F000094981F84D0065
:104F0C00087810BD0249C16010BD00BF10000940F7
:104F1C00FD000040B44F0050EC0100100C13005089
:104F2C000D620840F8B5054603F0CEFA0446A87A9F
:104F3C0050B36F7A012602F063FF697A48B1154AC3
:104F4C0048B21130536806FA00F08343C0435360F3
:104F5C00106006FA01F31049002206FA07F02A72D3
:104F6C00AA72C5E90422AA61C5E9002291F8605031
:104F7C0091F862202B4381F8603012B1013A81F82C
:104F8C006220C0B202F01AF82046BDE8F84003F0E7
:104F9C00B3BA00BF08100440407F002084B00390D7
:104FAC00039810281ED3FFE703981038400901908E
:104FBC000398103800F01F010120884000900199DF
:104FCC004EF20010CEF2000050F82100009908407B
:104FDC0002900098019A4EF28011CEF2000141F835
:104FEC00220014E003980F280DD1FFE74EF21001B8
:104FFC00CEF20001086800F002000290086820F070
:10500C000200086002E000200290FFE7FFE7029830
:10501C0004B0704780B588B0079040F2B841C2F236
:10502C00000101910869069048690590886904900F
:10503C000798406B8861079848610798006B086176
:10504C00079AD06A1063079A002082F82800087229
:10505C000120029002F0BAFD8DF80F0003F0FCF86D
:10506C0007994A698869C969904703F087F99DF8DF
:10507C000F0002F0ABFD0199029808720498886148
:10508C00059848610698086108B080BD80B584B069
:10509C0003900398C06C029040F2F830C2F200000A
:1050AC00C0680190039880690090039802F0CEFFCD
:1050BC00029803F0F2F848B1FFE701980099884391
:1050CC0040F2F831C2F20001C860FFE740F2F8305C
:1050DC00C2F2000080690399884207D1FFE740F2D1
:1050EC00F831C2F200010020C861FFE703990220E9
:1050FC0081F8200040F2F831C2F20001012008745E
:10510C0004B080BD80B59AB003F038F902A81890AD
:10511C00FFE740F2F830C2F20000C06818B9FFE7B0
:10512C0002F0E7FBF5E740F2F830C2F20000019024
:10513C00016A0091C06803F09AF801990246009840
:10514C0000EBC20019901998C861199803F060FB24
:10515C000199886100200874022002F037FD03F0E9
:10516C007BF803F00BF902F0B9FE019918981C308A
:10517C0089691C3102F05CFB1AB080BDF8B505469C
:10518C0016484BF2F521174E006800FB01F7144846
:10519C003C0A006800F44020B0F5802F10D1124872
:1051AC00006880030CD4F0680068804701F0D2FCE2
:1051BC003168C9688847C010390B484304EBE034A8
:1051CC002DB90A48006820F07F402044440830691B
:1051DC00416C2046BDE8F840084700BF08400C4031
:1051EC00B44F0050E00100108C1300501020094007
:1051FC00F8B5164F1648BD6C03F08EF904461548E9
:10520C0001680668214011F0200318BF002D0AD058
:10521C00284600223D6502F093FA0F484FF4804176
:10522C00283003F079F804EA060010F4602008BF77
:10523C00F8BD0A4991F8612042EA504081F86100BA
:10524C0007480021BDE8F84003F066B824030020AD
:10525C0020000E000C100440C0020020407F0020F3
:10526C00E880002080B584B0039002910398406AD6
:10527C00029908600299002048600299886048F2FF
:10528C00D810C2F2000001F08BFB01900398006A69
:10529C000090FFE70098B0B1FFE7009842680299D0
:1052AC0048681044486002988068009949688842B0
:1052BC0005D2FFE70098406802998860FFE70098E4
:1052CC0000680090E6E7019948F2D810C2F200009D
:1052DC0002F0AFFC04B080BD80B586B0059004919F
:1052EC008DF80F2003F0DFF98DF8070003F02FFA8B
:1052FC00029004980299401AB0F1004F04D9FFE7CC
:10530C0002980630049012E002980499401A063074
:10531C0000280BD4FFE7049802990631884204D286
:10532C00FFE7029806300490FFE7FFE7FFE70499D8
:10533C00012000F0D1FD9DF80700C00718B9FFE768
:10534C0003F0B8F9FFE706B080BD84B00390039872
:10535C0010281AD3FFE703981038400901900398DE
:10536C00103800F01F0101208840009001984EF287
:10537C000011CEF2000151F82000009A104002906A
:10538C000098019A41F8220014E003980F280DD1DF
:10539C00FFE74EF21001CEF20001086800F00200A7
:1053AC000290086840F00200086002E000200290C1
:1053BC00FFE7FFE7029804B07047F0B540F6FF7CBA
:1053CC0010F8013B0024082CFAD00646DF0716F82B
:1053DC00015B0DD1467806F00F070337122F0DD164
:1053EC0090F90220D7B2B2F1FF3F09DD03300DE096
:1053FC0001F8015B304601345B08E4E7023006E05B
:10540C00C27807F07F07043047EAC2171237320917
:10541C0042EA0515654508BFF0BDED43002FEAD003
:10542C004A5D013F0A700131F8E780B586B040F261
:10543C006440C2F2000090F82800C00708B1FFE7F2
:10544C0028E040F26441C2F20001012081F82800FA
:10545C0041F63001C2F20001059145F63000C2F26E
:10546C000000401A049002F0C1FF01A8009002F065
:10547C00B4FF0099059802900498039048F28410A8
:10548C00C2F2000000F0D0FC40F29C51C2F20001CC
:10549C000860FFE706B080BD80B586B001F0F0FB78
:1054AC001420019046F20141C2F2000103F05AFAB5
:1054BC000A20029046F20041C2F20001009103F072
:1054CC0051FA00990920039003F04CFA082004903B
:1054DC0042F20201C2F2000103F044FAB9208DF845
:1054EC0017009DF81700FFF7F3FA019801F014FB71
:1054FC00029801F011FB039801F00EFB049801F0E7
:10550C000BFB06B080BD80B588B040F25820C2F2CB
:10551C00000090F86500C00708B1FFE728E040F2F2
:10552C005820C2F200000290012180F86510002181
:10553C0002F0A8FE00F0A4FC03A8019002F094FD78
:10554C00019A029805210691103041F6A961C0F22A
:10555C00000140F24853C2F2000301F045F80299F1
:10556C00C86400F06DFA03F047F802998865FFE70C
:10557C0008B080BD70B5054602F0A6FF174E044674
:10558C0096F82400A84386F82400306820B1B8307F
:10559C0002F07AFF054600E00025706818B1B830BB
:1055AC0002F072FF054396F8240030B92DB9306A29
:1055BC0018B190F82810890704D42046BDE8704033
:1055CC0002F09ABF456A204602F096FF306A02212B
:1055DC0000220024A847346270BD00BFC002002026
:1055EC00B0B5174C6068216801EA000521EA000299
:1055FC00680622601DD51348006800F44000B0F521
:10560C00000F03D11048006801F0A4FC042003F043
:10561C00B7F8811E022905D201F0DAFB022001F055
:10562C00B3FC03E0012808BF01F0D2FB202001F0FD
:10563C00C3FD280648BF00F067FEA560B0BD00BFE3
:10564C0090220840B44F00508805002089B36FF0B9
:10565C00C0020B0E02EA8112202B05D0212B05D0A3
:10566C00A02B05D1302118E0102116E0202114E0E8
:10567C00B1F1807F01D240210FE0102B05D0112B0E
:10568C0005D0402B05D1702107E0502105E06021A9
:10569C0003E09021502B08BF8021114341F00F01F2
:1056AC0004C8531C18BF8A42FAD14FF0FF3140F89E
:1056BC00041C704770B50468616F59B3D4F8582155
:1056CC0045685668E96B28683268D162012102F09E
:1056DC0095FDD4F85801E96B0F4A40680068C0F892
:1056EC00041591FAA1F112683068B1FA81F192694E
:1056FC009047616F091AE07C20B104F14C0001F075
:10570C0083FB05E0206FA26F401A20675018A0673A
:10571C000020606770BD00BFD401001080B584B05C
:10572C00039002F02BFE0190039841690020B0EB2E
:10573C00914F03D1FFE70420029003E00398C08A45
:10574C000290FFE703F003F8014602980844029028
:10575C000120009000F08CFA0098029900F0BCFB3C
:10576C0040F28410C1F2000000680268002023217E
:10577C009047009800F05CFC019802F0C5FF04B063
:10578C0080BD80B584B0039002910298012801D1AC
:10579C00FFE727E00398B0F90E00B0F1FF3F06DCFD
:1057AC00FFE70398B0F90E004042019004E0039823
:1057BC00B0F90E000190FFE70198FFF7EFFB01989D
:1057CC0047F27571C0F2000101F00EFD40F2BC30E1
:1057DC00C2F20000406A00900099019A002041F842
:1057EC002200FFE704B080BDB0B5134D0124E86B77
:1057FC0001680120884701281BD028683C21012220
:10580C0000230024C5680D48A84790B101F0C4FAE4
:10581C000B480C490068D1E900238860C01A0A4B78
:10582C00A2EB92025843B2EB104F98BF020C01242A
:10583C000A602046B0BD00BFA401001000A00C40BF
:10584C00302009400C05002040420F00B0B5144830
:10585C00144D807B95F83911084306D002F034FEC4
:10586C0095F83B1121B102F047FE00242046B0BD53
:10587C00012485F83B4102F03FFE022001F054FC6C
:10588C000D20FEF771FA084801680029EED107498E
:10589C0040220A604A60002185F83A11C461E4E7AD
:1058AC00509100000000002004800C4038500C4047
:1058BC0079B36FF0C0020B0E02EA8112202B05D0D7
:1058CC00212B05D0A02B05D1302118E0102116E09A
:1058DC00202114E0B1F1807F01D240210FE0102B88
:1058EC0005D0112B05D0402B05D1702107E050219C
:1058FC0005E0602103E09021502B08BF802111436B
:10590C0041F00F0104C8531C18BF8A42FAD140F869
:10591C00041C70471CB51548017E022904D11920BE
:10592C00BDE81C4002F0E0BD017E01291DD0007EC7
:10593C0004281AD002F0C8FD044601A8FEF716FC94
:10594C0028B101990A4831B102F01CFC0AE0084860
:10595C0002F0AAFD06E002F0A7FD0648042128305B
:10596C0002F0DAFC204602F0C7FD1CBDF00100205D
:10597C00A4800020C0020020B0B54FF0FF3002F030
:10598C00C3FD104D04461049E86988420DD10F48FB
:10599C000F49002201F0F9FF0220287601F0DCFB10
:1059AC0018B9FEF717FDFBF7D5F80A48044208BFF3
:1059BC00B0BD09484FF000512830BDE8B04002F0AE
:1059CC00ABBC00BFF00100203D0000002403002010
:1059DC00F52D000002000040C00200202DE9FF411F
:1059EC00144DD5E900673879FEF7BEF902F06CFD6D
:1059FC0004463078B0B90DF10408404602F08CFA38
:105A0C00B87979790C4A434601950290301D00F023
:105A1C005BF938684FF0FF31C162084981600121A0
:105A2C0031704160204602F067FD024804B0BDE8C9
:105A3C00F08100BFC89100009D8800000018002074
:105A4C0080B588B0FEF773FE01A802F09BF849F20E
:105A5C000C20C0F200000068039000208DF81000AC
:105A6C0049F2F710C0F200000078012804D1FFE7DA
:105A7C0002208DF8040003E000208DF80400FFE7FD
:105A8C0068460021016047F6A870C2F2000048F297
:105A9C001D42C0F2000201ABFBF7EEFA08B080BD6C
:105AAC000F280ED840F20252DFE800F0141012104A
:105ABC00080D081010100D100810100D4FF20112E7
:105ACC0008E01E2802D141F2011203E0002201E09D
:105ADC004FF4817231B1FF2907D14FF203101040FE
:105AEC00C03008E042F0300005E0C8070CBF42F0BF
:105AFC00200042F01000000400F20370704780B5E3
:105B0C0084B0039002F03AFC0290039890F82800BD
:105B1C00C00720B1FFE7029802F0F6FD1CE00399E4
:105B2C00012081F8280002F0ADFA01900399486B2E
:105B3C0001F042FE0398426A40F2B841C2F2000101
:105B4C00C8681043C860029802F0DEFD019818B9CD
:105B5C00FFE7FFF7B6F8FFE704B080BD80B58AB069
:105B6C000990089107920693069838B9FFE70998AF
:105B7C000899079A002301F067FB16E003A801902F
:105B8C0002F03DFC019B0698806805900698007811
:105B9C0000F001008DF80C000698406804900998FC
:105BAC000899079A01F050FBFFE7099802F07AFE7A
:105BBC00029002980AB080BD80B588B0079006911B
:105BCC000592049348F2D810C2F20000019000F044
:105BDC00E7FE039007980699059AFCF7C0F8014672
:105BEC0001980291039902F024F8029878B9FFE722
:105BFC00FFE70498079B06996A46116048F63852ED
:105C0C00C0F20002002100F069FEFFE7FFE70298F6
:105C1C0008B080BD80B582B040F2F830C2F200000E
:105C2C0090F83800C00708B1FFE71FE040F2F831E8
:105C3C00C2F20001012081F83800FFF7FAF80020C9
:105C4C000190FFE70198052810D8FFE740F2F830E3
:105C5C00C2F20000006A019900EBC100002102F0C1
:105C6C0011FBFFE7019801300190EBE702B080BD1A
:105C7C0081B000909DF80000C00738B1FFE742F2F8
:105C8C000401C4F2090101200860FFE79DF800003F
:105C9C008007002808D5FFE742F20401C4F209018D
:105CAC004FF480700860FFE79DF800004007002863
:105CBC0008D5FFE742F20401C4F209014FF4803029
:105CCC000860FFE701B0704780B58CB00B900A916B
:105CDC0009920893089840B9FFE70B980A99099A1A
:105CEC000023FEF799FC079017E001A8009002F042
:105CFC0083F9009B0898006802900898406805900A
:105D0C000898007A00F001008DF80C000B980A99A5
:105D1C00099AFEF781FC0790FFE707980CB080BD4D
:105D2C00B0B5124949684A68D2E90115D46860B126
:105D3C0055EA040005D00E480022C2610D4A5032CB
:105D4C00026021B1FBF7C5FE01E001B1884755EABD
:105D5C00040008BFB0BD02F0D5FA05B1A84704B1E4
:105D6C00A0470448BDE8B04001F0CABFF0010020D4
:105D7C00001004400100070680B586B0DDF820C095
:105D8C00059004910392029300200190029830B97F
:105D9C00FFE749F23810C0F200000290FFE70598C7
:105DAC000499039A029BDDF820C0EE46CEF800C0A1
:105DBC00FCF79AFF0190019838B1FFE7059801991B
:105DCC00FFF7DFFC00200590FFE7059806B080BDCB
:105DDC0000B5EFF3038212F0FF0F0DD06A46A2F16B
:105DEC00200282F309886FF0020E10604FF0807170
:105DFC00D1610B49916170475DF804EB694681F301
:105E0C00098880F308884FF00200EFF3148180F3C7
:105E1C0014880448016821F040410160704700BFBC
:105E2C00045E000034EF00E080B582B00190009178
:105E3C00009830B9FFE749F29410C0F200000090CE
:105E4C00FFE701980099FEF70FFB019945F6C53065
:105E5C00C0F200000860019947F22520C0F2000052
:105E6C004860019948F22370C0F2000088600199E3
:105E7C0045F27120C0F20000C860019802B080BDEC
:105E8C0080B582B040F2B840C2F2000090F8240015
:105E9C00C00708B1FFE71DE040F2B841C2F20001B3
:105EAC00012081F8240000200190FFE701980528CB
:105EBC0010D8FFE740F2B840C2F20000C069019967
:105ECC0000EBC100002102F0DDF9FFE70198013081
:105EDC000190EBE702B080BD82B0019000919DF87B
:105EEC000400C00738B1FFE7009842F21801C4F271
:105EFC0009010860FFE79DF804008007002807D51A
:105F0C00FFE7009842F21C01C4F209010860FFE7A8
:105F1C009DF804004007002807D5FFE7009842F2DF
:105F2C002001C4F209010860FFE702B0704710B508
:105F3C0086B005908DF81310059802F02FF9019199
:105F4C00009000980199059B1A6C5B6C02F0F8F9B3
:105F5C00039102909DF81300C00780B1FFE7DDF8B4
:105F6C0008C0039805990B6CD1F844E0ACFB0324F2
:105F7C000CFB0E4C00FB03C08A64C864FFE702985C
:105F8C0006B010BD80B586B00590049103920293C3
:105F9C0003980599886002984068059908610498EF
:105FAC0005998861029880680599C8610599002057
:105FBC00087540F25820C2F2000001900198059932
:105FCC0001F064F802980078C00720B1FFE705984B
:105FDC0002F02EF8FFE706B080BD80B584B00390C8
:105FEC0001208DF8070002F0C9F9029040F25450DC
:105FFC00C2F20000406807280DDCFFE7039840F26E
:10600C005451C2F200010A684B6842F823004868F8
:10601C000130486003E000208DF80700FFE702988C
:10602C0002F072FB9DF8070000F0010004B080BD87
:10603C0081B000909DF80000C00738B1FFE740F236
:10604C008021C4F2243101200860FFE79DF8000094
:10605C008007002807D5FFE740F2A021C4F22431C5
:10606C0001200860FFE79DF800004007002807D5D5
:10607C00FFE740F2C021C4F2243101200860FFE7A1
:10608C0001B0704780B582B040F2A350C2F200005C
:10609C000078C00710B9FFE702F0FEFA46F6E920D7
:1060AC00C0F20000FFF799FF48F2B010C2F20000F6
:1060BC000190002101F06CFB019840F26441C2F2A6
:1060CC000001086101F091F902F038FC02F0FEFBCE
:1060DC00FFF718F802B080BD10B502F0F5F90F4CBF
:1060EC00217E022902D0217E042904D10E490C689C
:1060FC0002F002FA10E002F0FFF909480068006BA8
:10610C008047084AA0FB020301FB023110F19050BA
:10611C0041F17A00E16C0C18204610BDF001002012
:10612C008C01001000093D000430044080B584B09F
:10613C000290019102F050FA0090029838B1FFE7FA
:10614C000298012803D0FFE71620039015E0009871
:10615C00806B01990860029800998863029848B98D
:10616C00FFE70098C06B28B1FFE74FF0FF30FEF758
:10617C002CFDFFE700200390FFE7039804B080BDDF
:10618C0010B504281CD10F4802F07EF9C0B102F002
:10619C00EAFA04460B4802F06FF9604380084A287B
:1061AC000ED8084802F080F9052000F0BDFF064823
:1061BC00012180F8251005480421283002F0ACF8A4
:1061CC00002010BDA4800020F0010020C00200209F
:1061DC0080B586B00590049100208DF80F000598CD
:1061EC00036CD0F844C0816CC06C049AA2FB033ED3
:1061FC0002FB0CE2C918504100910190DDF802003D
:10620C000290059802999DF80F2002F00102FFF709
:10621C0063F80098019A05994A65086506B080BD37
:10622C0080B582B001900198F8B9FFE702F0A6F8AA
:10623C00009040F2B840C2F20000C06830B1FFE7F5
:10624C00009802F061FAFEF73CFD09E040F2B8411B
:10625C00C2F2000100200872009802F055FAFFE724
:10626C0001F01EFF00F018FBFFE702B080BD704785
:10627C000E480F4A0F4B0168825800680340D0B299
:10628C000D4A7F2888BF0020934207D1090F0229AD
:10629C0006D307D0032901D1153004E0FF2002E01A
:1062AC000A2000E00B3040B2704700BF18130050BA
:1062BC0088FDFFFF00F0FF0F0010B40B80B50D48F8
:1062CC0001420CD0012002F05BFA012808D10B48E6
:1062DC0000210C4AC1610A49CA613C31016080BD90
:1062EC0002F041FA3221B1FBF0F10348BDE88040E5
:1062FC0001F048BF04000020A480002000100440DE
:10630C00F00100203D000000B0B502F0DDF80446BD
:10631C0002F000FB0028FBD0032000F035FE0B48F8
:10632C00002180F83811204602F0E6F80848816810
:10633C0002200D4688470446102000F03DFF24B192
:10634C0003202946BDE8B0400847B0BD000000203E
:10635C005091000080B584B003900020029002F0B0
:10636C000DF801900398007DC00798B1FFE70398E2
:10637C00C068009001F07FFC01460098401A029022
:10638C0002980399096A884203D9FFE7002002901A
:10639C00FFE7FFE7019802F0B7F9029804B080BD5F
:1063AC0080B586B0059004910392039B582100227E
:1063BC001046FEF789FA02900298A0B1FFE7029806
:1063CC000599049A039B00F037F80190019848B99D
:1063DC00FFE7029900200090582201F0B7F80098CE
:1063EC000290FFE7FFE7029806B080BD80B582B04F
:1063FC00019001F0C3FF40F25450C2F2000040681B
:10640C000090FFE70098012811DBFFE740F25450A1
:10641C00C2F200000068009900EB810050F8041CE7
:10642C0001988847FFE7009801380090EAE7019847
:10643C0002F022F902B080BD80B586B005900491BF
:10644C000392029300200190039830B9FFE749F2C0
:10645C00B800C0F200000390FFE705980499039A76
:10646C00029BFAF79FFF0190019838B1FFE705985E
:10647C000199FCF72DFA00200590FFE7059806B06E
:10648C0080BD00000E485022016841F4087121F0D3
:10649C00020101600B48032140F8041C41F2300159
:1064AC0081600121016082604FF4CA6201608260E8
:1064BC004FF48652016082600160034801607047AE
:1064CC00000004605860044000410440B0B501F085
:1064DC00FBFF044602F01EFA0C48002180F838112C
:1064EC00032000F051FD204602F006F808488168B0
:1064FC0002200D4688470446102000F05DFE24B1B2
:10650C0003202946BDE8B0400847B0BD000000207C
:10651C005091000080B582B040F2BC30C2F2000055
:10652C0090F83800C00708B1FFE715E040F2BC3125
:10653C00C2F200010191012081F8380001F01EFF28
:10654C0001994869CA6920F00700104408380861AD
:10655C004FF0FF300860FFE702B080BD70B50D460C
:10656C00044601F0B1FFD4E901128A4204D101F0D2
:10657C00C3FF4FF0FF3070BDE36822680133B3FBFB
:10658C00F1F606FB11315554E160A16862690131E5
:10659C009142A16088BF0A46626101F0ADFFA0681C
:1065AC0070BD80B586B005900491039205981430A7
:1065BC00029003980078059908740498059948820C
:1065CC0002980021009101F05DFE00980599886009
:1065DC0005990120C860059940F28050C2F2000074
:1065EC0000F054FD06B080BD80B586B005900491D6
:1065FC0003920293039830B9FFE749F26410C0F29A
:10660C0000000390FFE705980499039A029BFDF79D
:10661C00F7FA0190019838B1FFE70598019901F05C
:10662C00B7FE00200590FFE7059806B080BD80B549
:10663C0082B00190019890F84800C007C0B1FFE704
:10664C0001F09CFE009040F2F830C2F2000041696B
:10665C0001394161406938B9FFE7009802F054F8FC
:10666C00002001F05FFDFFE7009802F04DF8FFE716
:10667C0002B080BD80B586B00590049140F2F83030
:10668C00C2F200000190C0680390059880690290E6
:10669C000599C86C01F090F801990398029A10437F
:1066AC00C860059A012082F820000874049802F052
:1066BC002BF801F063FE06B080BD80B582B040F2CD
:1066CC006440C2F200000090006902F0E6F800F0AD
:1066DC0067F9014600980191806838B9FFE7019885
:1066EC0040F26441C2F20001C860FFE740F264412D
:1066FC00C2F2000188680130886002B080BD0000E1
:10670C00F8B50D480D4D0E4F0126046804608CB190
:10671C00B4FA84F0696880F01F0006FA00F251F8B0
:10672C00201094430029F2D057F820205203EED5C4
:10673C008847ECE7F8BD00BFE020024078910000EC
:10674C00001008400F49C3070A68496D01D10021A8
:10675C0006E001F0040102F00103C91818BF012181
:10676C00830744BF02F0020341EA5301400744BFD0
:10677C0002F0040041EA90010220002918BF012018
:10678C00704700BF402108400F49C3070A68496D94
:10679C0001D1012106E001F0040102F00103C91846
:1067AC0018BF0121830744BF02F0020301EA530121
:1067BC00400744BF02F0040001EA900102200029C6
:1067CC0018BF0120704700BF40210840F0B50F4CA6
:1067DC0000234FF0580C8EB20027B3F5307F0FD04A
:1067EC00E1180D8EB54208D139B10D69854204D13D
:1067FC004AB191F83350154203D158330137ECE7C5
:10680C0000210846F0BD07FB0C41FAE7707500202B
:10681C0070B5044605680D48C6680D480068006BE5
:10682C008047811B080B05EB1132B5EB113F40F68D
:10683C00C41188BF50088842206004D880084A28B8
:10684C0002D84FF49671216070BD00BFF00100209A
:10685C008C01001080B582B001F022FC009040F257
:10686C009850C2F2000000680190019840B1FFE717
:10687C000198006840F29851C2F200010860FFE7ED
:10688C00009800F009F8019820B1FFE7019800F09A
:10689C0050FDFFE702B080BD80B582B00190019839
:1068AC00D0B9FFE701F06AFD40F2F830C2F2000007
:1068BC00007CC00738B1FFE701F0D6FE18B1FFE746
:1068CC00FDF7A4FCFFE740F2F831C2F20001002012
:1068DC00087201F0C1FCFFE702B080BD87B0DDF8A3
:1068EC001CC00690059104920393069840F24851FF
:1068FC00C2F20001884202D1FFE707B07047069848
:10690C0018B9FFE768460690FFE7049806990860F7
:10691C00039806994860079806998860FFE7FEE798
:10692C000B4801688907FCD50A4801210A4AD0F8AE
:10693C003C0101284FF0010008BF20200823906182
:10694C00002010600548036043601160704700BF71
:10695C0058600C400000002000400C4038500C40A7
:10696C0040F00201022918BF70477CB50A4D0B4C50
:10697C0080B27022042329684E68009020460021C2
:10698C00B0472868002170227023D0F80CC0204634
:10699C0002B0BDE870406047A401001000A00C409C
:1069AC0080B584B0029002988068019001F060FF7D
:1069BC000146019888420DD0FFE702980C304FF049
:1069CC00FF31FBF777FE01F053FF0299886000203E
:1069DC00039002E001200390FFE7039804B080BD10
:1069EC0080B584B00390039801F07AFF019001F018
:1069FC00C5FC02900198007C02280CD1FFE701989D
:106A0C0001F024FB01990020087401988068029918
:106A1C00FFF730FEFFE7029801F076FE04B080BD70
:106A2C0080B584B001F024FF019001F039FB039094
:106A3C0001F0A4FC02900198FEF728FB01990320B9
:106A4C0081F820000198FFF7F2FD029801F05CFE3E
:106A5C00019801F001FE0398FFF71EFF04B080BD02
:106A6C0084B002900191019800680090009849F25E
:106A7C001821C0F200010968884204DAFFE7009887
:106A8C00002803DCFFE71620039005E0009802992C
:106A9C00086000200390FFE7039804B0704780B5AE
:106AAC0084B001F06BFC0190002001F0E9F9029038
:106ABC0040F25821C2F20001486D029A801A0390EC
:106ACC000398896D884203D9FFE700200390FFE704
:106ADC00019801F019FE039804B080BD80B582B016
:106AEC00019001F0CFFA01F0DBFA032001F06EF80F
:106AFC0040F26440C2F20000006958B1FFE743F273
:106B0C005340C0F20000009001F076FE009801F0B6
:106B1C0079FEFFE702B080BDFF2817D0B0B5044660
:106B2C0001F00CFB0A4D286850F82410204601F0A7
:106B3C0019FF686850F8241011B1002140F8241096
:106B4C00A868002140F82410BDE8B040704700BF91
:106B5C007891000070B50D4B1B3800FB00F193E8E9
:106B6C007000DB6801FB00F283FB0223C6FB0123F0
:106B7C00C5FB00231009190940EA0370001941EB09
:106B8C00E471000C40EA014070BD00BF2C050020F0
:106B9C007CB50C4D0C4C00214FF4C07207232868B7
:106BAC004668022000902046B047286800214FF428
:106BBC00C0720723D0F80CC0204602B0BDE870406C
:106BCC00604700BFA401001000A00C400C48052138
:106BDC0080F85A10032180F84E1002218170012197
:106BEC0001700021817340F20461A0F8581005492E
:106BFC00C0F872100821C1750721C172704700BF1F
:106C0C00120400218141002182B001900091019871
:106C1C00102808D3FFE7009801994EF2F032CEF21B
:106C2C00000288540CE00198042808D3FFE7009870
:106C3C0001994EF61452CEF200028854FFE7FFE79A
:106C4C0002B0704780B582B001900198B0B9FFE7EF
:106C5C0040F2F830C2F20000007CC00738B1FFE708
:106C6C0001F002FD18B1FFE7FDF7D0FAFFE740F2A3
:106C7C00F831C2F2000100200872FFE702B080BDBB
:106C8C0080B582B01420009046F20141C2F200019E
:106C9C0001F068FE0098002101F00EFC012001902B
:106CAC0001F063FE0098019901F006FC4FF40C70A2
:106CBC0001F05BFE02B080BD10F1240FD8BF6FF065
:106CCC0023001B28A8BF1B2003210F222430A1EB7B
:106CDC00101122EA000022FA01F14FF6FF7222FA9B
:106CEC0000F040EA014001490860704718A00C40D0
:106CFC00B0B50A490A4A0B4B0C684D68AC42FCD142
:106D0C00844208BFB0BD155C145DAC424FF0FF353A
:106D1C0038BF01252C441C5D0C60EDE700600C4075
:106D2C00D0910000D491000010B50A4C00212068CD
:106D3C00426801209047206801680120884708B10B
:106D4C0000F02AF804480068E068006880470349AE
:106D5C00C86010BDE0010010302009400C05002077
:106D6C0010B50A490A4C0860D1F8980040F00300AD
:106D7C00C1F8980020688169202088470548006880
:106D8C002068806BBDE81040004700BF8C21084094
:106D9C00B80100102C20094010B50A480B4C018892
:106DAC00C907094907D14FF0012222600088086801
:106DBC00BDE810400047086880474FF080702060A5
:106DCC0010BD00BF00A00C408000001004A40C40BB
:106DDC007CB50B4D0B4C00214FF040521C23286806
:106DEC004668032000902046B047286800214FF4E5
:106DFC00007209234568012000902046A8477CBDFD
:106E0C00A401001000A00C40F8B50C46054601F09A
:106E1C005BFB2B1D6E690ECB8F1AA74238BF3C460D
:106E2C0022442344B24288BF16466E61B3FBF1F68E
:106E3C0006FB1131C5E9022101F05EFB2046F8BDCD
:106E4C0080B5FCF7B1F900F0A2FAFEF7EEFA01F00A
:106E5C008BFA00F001FDFEF756FBFFF711F8FEF779
:106E6C00D9FEFDF7A9FFFFF755FB40F2A351C2F283
:106E7C0000010120087080BD70B50948094C84429E
:106E8C000BD0094D094EB54207D0F5E8020110F8B8
:106E9C00012B54F822209047F5E701F047FD70BD17
:106EAC00789300006C93000090930000B093000066
:106EBC0080B582B040F26440C2F2000081680139B2
:106ECC008160806868B9FFE740F26440C2F200005C
:106EDC000190006901F0E1FC0199C96800F0A9FE7C
:106EEC00FFE702B080BD80B584B00290019102989A
:106EFC000199FBF7DFFB8DF803009DF80300C00739
:106F0C0020B9FFE7FF208DF80F0003E000208DF87B
:106F1C000F00FFE79DF90F0004B080BD80B584B071
:106F2C0003900291019203980299019A40F24853FE
:106F3C00C2F20003FFF758FB0398406918B9FFE74A
:106F4C000020009002E003980090FFE7009804B046
:106F5C0080BD000008490A4B421808499A4209684A
:106F6C0008D801F44001B1F5000F03D105490968B7
:106F7C00496C0847704700BF5C8F82FFB44F0050CC
:106F8C00B71E0500F001001070B50B4D04462E180D
:106F9C0001F09AFA96F84311013986F84311090663
:106FAC0005D10121AA68A14022EA0101A96001F0E2
:106FBC00A3FA002070BD00BF00000020B0B505464C
:106FCC0001F082FA044608480178A9430170007860
:106FDC00000704D405480821283001F09DF920460B
:106FEC00BDE8B04001F088BAF0010020C0020020DA
:106FFC002DE9F04106460A4815460C460027804606
:10700C00BC4209D0D8F80020E95D306892699047FD
:10701C0008B10137F4E73C462046BDE8F08100BFDB
:10702C00D001001080B584B00390ADF80A10019324
:10703C0000929DF80200000600280BD5FFE7062001
:10704C0001F056F948F28820C2F20000006801F005
:10705C00A3FAFFE704B080BD80B584B00390039819
:10706C00026C436C002047F6906101F069F90191C4
:10707C000090019820B1FFE74FF0FF30029002E042
:10708C0000980290FFE7029804B080BD80B584B0F0
:10709C000390029101F072F9019003980299086033
:1070AC0003984068029948600298039949680860FF
:1070BC00029803994860019801F026FB04B080BD4A
:1070CC000A48083880F308880948016841F47001BF
:1070DC00016000BF00BF01F02DFC08B1FFF7CCFE32
:1070EC0001F038F9002001F0E3F800BF0040012066
:1070FC0088ED00E080B584B0039002910192019B71
:10710C001C2100221046FDF7DFFB0090009838B1DF
:10711C00FFE700980399029A00F002FA0090FFE74B
:10712C00009804B080BD0000B0B50446012000FA00
:10713C0004F501F0C9F907498A682A438A60214499
:10714C0091F84321013281F8432101F0D5F9002057
:10715C00B0BD00BF000000200A484068826800F102
:10716C003801134652680AB18A42FAD1597B090791
:10717C0006D1408F40F60901884204BF01207047B8
:10718C0000207047F001002007480068C00608D4B2
:10719C0006480749006808400649884204BF012098
:1071AC0070470020704700BFB04F00505013005084
:1071BC0000C4FF3F00C0071CB0B504460948056871
:1071CC0055B1A868204205D0D5E9033220460021EC
:1071DC00984718B92D68F3E70020B0BD4FF0FF3089
:1071EC00B0BD00BF0000002083B00290019140F2BE
:1071FC00BC30C2F20000006A029900EB81000090E2
:10720C00009800680199884204D0FFE70198009922
:10721C000860FFE703B0704780B586B00590049115
:10722C00039248F2D810C2F200000190FFF7B8FBAD
:10723C00029005980499039AFCF798F80198029922
:10724C0000F0F7FC06B080BD80B584B003900291CD
:10725C0001920093009830B9FFE749F2A010C0F2F8
:10726C0000000090FFE703980299019A009BFEF73B
:10727C0089FE039804B080BD80B582B000200190D7
:10728C00FFE7019801280DDCFFE7019949F2D810BE
:10729C00C0F2000050F821008047FFE70198013050
:1072AC000190EEE702B080BDB0B50C460546FEF786
:1072BC0013FF291A04F57A72C4EB9100012898BFC8
:1072CC0001200023B2EB910F28BF1846B1F1404FBB
:1072DC0028BF1846B0BDB0B50C46054601F0F4F811
:1072EC00D5E901122B69A24238BF1446121BAA60C1
:1072FC001A19B2FBF1F303FB1121296101F0FCF81F
:10730C002046B0BDF8B50C46054601F0DDF8EA683C
:10731C0095E8C2000132B2FBF6F303FB16252944B3
:10732C00216001F0E9F8701BF11B814238BF08465F
:10733C00F8BD80B582B001900198103000F0CEFC01
:10734C000198C06828B1FFE701980C3000F0E4FA0E
:10735C00FFE701990020502200F0F8F802B080BD40
:10736C0080B586B005900491049801F0BEFA0190A6
:10737C000198C06801F076FA03900198416B03986C
:10738C00884702900298FDF720FC06B080BD80B5BE
:10739C0084B001A80021FDF7DAFA03980090FFE70A
:1073AC0000986946884207D2FFE70099BE20087012
:1073BC00009801300090F3E704B080BD80B584B034
:1073CC000390029103980C3001210022019200F0ED
:1073DC00A7F8019803998860039940F27050C2F2A3
:1073EC000000FFF753FE04B080BD80B540F264404E
:1073FC00C2F20000006968B1FFE746F2C760C0F254
:10740C00000001F0F9F946F6BD60C0F2000001F091
:10741C00F9F9FFE780BD80B582B040F26440C2F25A
:10742C000000006958B1FFE740F65F30C0F2000081
:10743C00019001F0E1F9019801F0E4F9FFE702B0E5
:10744C0080BD000010B50C460849097E02290AD1FE
:10745C0000F056FC04B12060C1B20220012908BF23
:10746C006FF07E0000E00120C0B210BDF0010020E2
:10747C0080B586B0059001A8009000F0DBFF009964
:10748C0001208DF80400059840F24852C2F2000227
:10749C00FFF730FE0490049806B080BDF8B50C469A
:1074AC00D0E90016002701F14C053068013C47F18A
:1074BC0000018269D20606D429B10068C1B22846FF
:1074CC00FFF74CF8F1E7F8BD83B0019000910098FC
:1074DC0038B1FFE70098012803D0FFE7162002908F
:1074EC0005E000980199086100200290FFE70298DE
:1074FC0003B0704710B5074C207838B906480749D7
:10750C004FF4387201F04CFA01202070BDE81040A5
:10751C00FFF75CBBA00500204C400021C489000093
:10752C0080B584B0039002910192019830B9FFE7C5
:10753C0049F2AC10C0F200000190FFE703980299E9
:10754C00019AFFF72EF8039804B080BD80B584B083
:10755C00039002910192039838B9FFE740F29C50D6
:10756C00C2F2000000680390FFE703984368029999
:10757C00019A984704B080BD80B586B005900491FF
:10758C0001A8009000F056FF009A01208DF804002D
:10759C0005980499FFF7C4FF059801F092F906B01D
:1075AC0080BDB0B5056802200C46FFF7EDFC64B158
:1075BC00D5F8EC000021B1EB107F06D10420FFF7C9
:1075CC00E3FC4FF0FF30C5F8EC00B0BD80B586B0E1
:1075DC00DDF820C00590049103920293059804995C
:1075EC00039A029BDDF820C0EE46CEF800C0FAF7F5
:1075FC0067F806B080BD80B584B003900291039803
:10760C00006801900398006901994864029828B1B8
:10761C00FFE70398416880688847FFE704B080BDA6
:10762C0010B581B0009049F21420C0F2000000683F
:10763C0040F2F841C2F200018860009891E81C50B9
:10764C0080E81C50002001B010BD84B00390029162
:10765C0001920093019803998860039900200861B6
:10766C000299039A91610099039AD1610399087563
:10767C0004B0704780B540F2F830C2F20000007CD4
:10768C00C00718B1FFE7FCF7C1FDFFE740F2F83186
:10769C00C2F200010020087200F0DEFD80BDB0B522
:1076AC000D46044600F010FFD5E9001211B14A60F6
:1076BC006A6800E06260002A18BF14462160BDE8C9
:1076CC00B04000F019BF000080B5FFF75DFD60B160
:1076DC000648006881034FEA00414FF0000058BF94
:1076EC000816BDE88040FFF7E7BA80BDB44F0050E4
:1076FC0080B506480649006808400649884204D10E
:10770C00FEF7B6FD1328C8BF80BDFEE71813005066
:10771C0000F0FF0F0010B40BB0B500F0D5FE04461E
:10772C00064890F8380118B100F078F9054600E0E9
:10773C000125204600F0E0FE2846B0BD00000020E8
:10774C00F8B51D461646044600F0BEFE44B104F1E1
:10775C00200720348ECF33432F432A4331438EC42A
:10776C00BDE8F84000F0C8BE1EF0040F14BFEFF3E4
:10777C000980684685462DE9F00F684671467446C7
:10778C00024A904768462146FEE700BF4D7E000046
:10779C0080B582B001900091009830B9FFE749F2B2
:1077AC000820C0F200000090FFE701980099FFF755
:1077BC0005FE019802B080BD83B002900191029841
:1077CC0040680090029801990860009801994860FF
:1077DC0001980099086001980299486003B07047BD
:1077EC0083B0029001910298406800900298019930
:1077FC000860009801994860019800990860019808
:10780C000299486003B0704780B584B00390029130
:10781C0000F0B4FD0190029A0399086B10430863C1
:10782C00019800F071FF0398FEF769F904B080BD70
:10783C002DE9F04F2DED108BC0F800D0D1F800D011
:10784C00BDEC108BBDE8F08F00BF00BF00BF00BFC8
:10785C0000BF00BF00BF00BF80B540F25450C2F261
:10786C000000007AC00708B1FFE708E040F254516D
:10787C00C2F200010120087201F06CF8FFE780BD34
:10788C0070B514460D46064600F01EFE6168C5E94B
:10789C0000416168002918BF0E4635606560BDE87F
:1078AC00704000F029BEB0B5056802200C46FFF709
:1078BC003BFC54B1D5F8EC000021B1EB107F04D1A6
:1078CC000420BDE8B040FFF72FBCB0BD83B00290E0
:1078DC0040F2BC30C2F20000416B029A01EB820113
:1078EC000191406A00900098029950F8210003B071
:1078FC00704780B582B000F0AFFC00200190FFE72C
:10790C00019828B9FFE7FFE7019801300190F7E7EC
:10791C0000F034FD02B080BD80B582B001900198BA
:10792C00006800F00CF801980168002000905822C3
:10793C00FFF70CFE00980199086002B080BD80B57D
:10794C0082B0019000F01AFD00900198083000F010
:10795C007DFB009800F0D8FE01980021FAF7B8FFE3
:10796C0002B080BD81B00090009860B1FFE7009834
:10797C0040F24851C2F20001884204D0FFE700995E
:10798C0000200860FFE701B0704780B584B0039019
:10799C000291019200F0F2FC009003980299019A76
:1079AC0000F008FC009800F0AFFE04B080BDB0B54C
:1079BC000C46054600F088FD00212160696800290D
:1079CC00616008BF29460C606C60BDE8B04000F0F7
:1079DC0093BDB0B50C46054600F076FD0021616004
:1079EC0029680029216008BF29464C602C60BDE83D
:1079FC00B04000F081BD000080B505480121006851
:107A0C00426801209047034803490068486080BDE4
:107A1C00E0010010302009400C05002010B506488C
:107A2C003C21012200230068C4680448A0470028B8
:107A3C0018BF012010BD00BFA401001000A00C4015
:107A4C001CB5064980B24FF47F42082309684C6884
:107A5C00009003483021A0471CBD00BFA4010010BA
:107A6C0000A00C401CB5064980B24FF4F80212235A
:107A7C0009684C68009003480421A0471CBD00BF56
:107A8C00A401001000A00C401CB5064980B24FF4B4
:107A9C000032112309684C68009003480421A04768
:107AAC001CBD00BFA401001000A00C401CB5064971
:107ABC0080B24FF440620A2309684C680090034876
:107ACC002021A0471CBD00BFA401001000A00C4049
:107ADC0050B14AB110B5044608300EC021460448D6
:107AEC00FFF765FF002010BD6FF00200704700BF6C
:107AFC000000002005480649C069884208BFFDF710
:107B0C0009BF04480421283000F006BCF001002015
:107B1C003D000000C002002080B54FF0FF3000F0A7
:107B2C00F3FC800758BF80BD03484FF40061283038
:107B3C00BDE8804000F0F0BBC00200200648007E8B
:107B4C00022804D10548816C09B9C06C08B1002029
:107B5C0070470120704700BFF00100202403002073
:107B6C0070B5144600220E46054600F00DFAFF28AB
:107B7C0007D02B2E18BF40F22B2646EA842145F85D
:107B8C00201070BD80B581B00090009849F21C1196
:107B9C00C0F20001B1E80C10A0E80C1091E80C50F8
:107BAC0080E80C5001B080BD10B581B000900098F9
:107BBC0049F2B801C0F20001B1E80C50A0E80C5039
:107BCC0091E81C5080E81C5001B010BD81B08DF8BC
:107BDC00030040F26441C2F20001087D8DF80200FE
:107BEC009DF8030008759DF8020001B07047B0B510
:107BFC00054600F069FC2C6834B121680029296025
:107C0C0008BF294600224A6000F076FC2046B0BD31
:107C1C00F8B50C46054600F057FC95E8C2002D69F6
:107C2C002944216000F068FC701B874238BF38463D
:107C3C00F8BD80B582B001900091009840B9FFE783
:107C4C0001990020886001980C30FCF72BFDFFE7B0
:107C5C0002B080BD82B001900198C069009000997B
:107C6C00002008600198406A0099486000980199CA
:107C7C00086202B0704780B584B000F07FFB0190C1
:107C8C00002000F0FDF80290019800F03DFD0298F4
:107C9C000390039804B080BD80B582B00190009130
:107CAC00019800F093FA019840F25821C2F20001B9
:107CBC0008650098486502B080BD83B002900298B8
:107CCC000068019001980068009000980299086083
:107CDC00029800994860019803B0704780B582B053
:107CEC000190019800F011FA00F048FB0090019807
:107CFC0000F0ACF9009800F007FD02B080BD000068
:107D0C0006490A68002AFCD10022CA610860C869C9
:107D1C000028FCD00020C86148687047001004405F
:107D2C0070B50024A34208D050F824506E1C04D027
:107D3C0015408D4202D00134F4E7FF24E0B270BD4F
:107D4C0005484FF4825100680028044848BF4FF49E
:107D5C0041510160704700BFAC4F005028A10C404E
:107D6C0005484FF4805100680028044848BF4FF480
:107D7C0040510160704700BFAC4F0050A8A00C40B0
:107D8C0080B500F08DF948F29021C2F20001086034
:107D9C0000F078F948F28C21C2F20001086080BD35
:107DAC0080B548F28C20C2F200000068FEF738FA69
:107DBC0048F29020C2F200000068FEF76DFD80BD15
:107DCC00064A0021B1F5307F06D0501890F93330B7
:107DDC00002B02D55831F5E7002070477075002054
:107DEC000A460146044843682BB18068084202D019
:107DFC00024840681847704788910000F001002045
:107E0C0005480068C00704BF00207047034800689D
:107E1C00C0B2C009704700BF4021084000000440B8
:107E2C0080B582B0019000F0A9FA009001984169E8
:107E3C0000F0DAFB009800F067FC002002B080BD77
:107E4C0080B582B00190009140F2BC31C2F20001C9
:107E5C000120087101980099FCF750FB02B080BD1D
:107E6C0081B000900098102808D3FFE700981038D4
:107E7C004EF60071CEF200010860FFE701B07047CA
:107E8C0080B582B08DF807009DF8070000F0010165
:107E9C0047F6A870C2F20000FEF749F802B080BDA8
:107EAC0081B000900099002008600099486000990A
:107EBC00C86000994FF0FF30886001B0704710B572
:107ECC00EFF31484002C1CBF002181F3148880472D
:107EDC00002C1CBF022181F3148810BD80B582B028
:107EEC0040F2BC30C2F2000001900069FDF770FF57
:107EFC0001990020086002B080BD80B582B001906D
:107F0C0000F03CFA009001980099FEF7B3FB009842
:107F1C0000F0FAFB02B080BD81B000900099002007
:107F2C00086000994FF0FF304860009901200872FA
:107F3C0001B0704780B582B000F020FA0190019832
:107F4C0000F0E2FB0198B0FA80F0400902B080BD6D
:107F5C00002201284FF0000004BF40F2EE204FF445
:107F6C007A72022908BF0246104670470548B0F8DD
:107F7C005410B0F85600814218BF70470820FFF724
:107F8C001DB800BF24030020B0B5144640F2FF32E8
:107F9C0050230546FFF7C4FE1CB155F82010890A82
:107FAC002160B0BD10B5044600F08EFA03490A7882
:107FBC0022430A70BDE8104000F09EBAF001002088
:107FCC00B0B505484468C56900F0EEFA0146204694
:107FDC002A46BDE8B0401047F001002080B582B0C1
:107FEC000190019800900120FDF742FE00998869EC
:107FFC00C969884702B080BDB0B581B000900098C7
:10800C0049F23811C0F2000191E83C5080E83C5034
:10801C0001B0B0BD80B582B0019040F25820C2F2E0
:10802C000000009000980199FFF7C6FB02B080BDDC
:10803C0080B582B0019000F0A1F900900198FAF798
:10804C00C9FF009800F060FB02B080BD81B00090C9
:10805C000098006800994968086000984068009989
:10806C000968486001B0704710B581B00090009865
:10807C0049F26411C0F2000191E81C5080E81C50D8
:10808C0001B010BD81B040F2B841C2F20001087AD3
:10809C0000F00100009001200872009801B07047B8
:1080AC0081B040F2F831C2F20001087A00F0010010
:1080BC00009001200872009801B0704780B582B022
:1080CC000190FFF7A8F90320FFF780FD019800F05D
:1080DC00EFF802B080BD81B00090009940F264428C
:1080EC00C2F20002106852684A60086001B0704722
:1080FC0048F29420C2F2000002680021117101685C
:10810C000968016000680079704780B582B0019001
:10811C00019814300090009800F0CEFB00F094FA17
:10812C0002B080BD80B582B0019040F26440C2F2D2
:10813C000000016A0198884702B080BDFF2806D074
:10814C00034911F8202002F0FB0201F820207047AF
:10815C0002100840022807D0032804D180B5FAF792
:10816C0031FB002080BDFEE7FDF770BB044890F8A2
:10817C00411119B1D0F86C0100B10047704700BF34
:10818C000000002010B50129044698BF012100F021
:10819C00A4F82046BDE8104000F07EB980B582B04E
:1081AC00019040F28C10C1F200000068006B804717
:1081BC0002B080BD83B002900191009201980299A7
:1081CC00486000980299086003B0704780B582B08F
:1081DC000190019947F6A870C2F20000FDF7F8FF74
:1081EC0002B080BD00BF00BF00BF00BF0498804735
:1081FC0000980199029ADDF80CE01047B0B50C46D6
:10820C00054600F061F9A96CA143A964BDE8B04032
:10821C0000F072B9B0B50C46054600F055F9A96CE2
:10822C002143A964BDE8B04000F066B981B000906C
:10823C00009900208860009908700099486001B08E
:10824C00704710B5044600F03FF90021C4E9001155
:10825C00BDE8104000F050B981B040F2000CEFF3D3
:10826C0011808CF311880090009801B0704782B097
:10827C0001900198B0FA80F0C0F11F0000900098B6
:10828C0002B0704780B582B00190009101980099BE
:10829C0000F0C7F8019802B080BD81B00090009842
:1082AC0000680099401AB0FA80F0400901B070479C
:1082BC0080B582B001900198FEF798F8019800F013
:1082CC004DFB02B080BD80B5FAF7DCF8FAF78CFCF8
:1082DC00FDF7E2F8F9F72DF980BD80B582B0019079
:1082EC0000910198009900F09FF902B080BD000048
:1082FC00FF2804D0012101FA00F001490860704701
:10830C00B0200240034801680029FCD00021016024
:10831C00704700BF1C10044080B582B001900091E2
:10832C0001980099FFF770FA02B080BD042805D1BE
:10833C0080B51046FAF7D6FBBDE8804000207047A8
:10834C0040B584B002AE0096FBF7BEFD029A039BCB
:10835C0004B040BD0349002912BF01C9002000210F
:10836C00FCF776BB2092000048F29821C2F2000183
:10837C0047F6A870C2F200000860704781B0202157
:10838C00EFF3118081F311880090009801B07047D1
:10839C0082B0019000910098012801D1FFE7FFE71E
:1083AC0002B0704782B001900091009801998860EA
:1083BC00002002B0704780B582B001909DF8040097
:1083CC00FBF702FB02B080BD80B582B00190019832
:1083DC00000AFEF737FC02B080BD81B00090009916
:1083EC00002088604860086001B0704780B548F292
:1083FC00D810C2F200000021FFF7CAF980BD81B08D
:10840C0000900099002088604860086001B07047B7
:10841C0080B540F25820C2F20000C06CFDF76FFB33
:10842C0080BD82B00190009101984060019800607D
:10843C0002B0704781B000900099002088604860BD
:10844C00086001B0704710B500239A4208BF10BDF8
:10845C00CC5CC4540133F8E780B540F26440C2F2FE
:10846C000000C069804780BD80B582B00190019842
:10847C00FFF731FE02B080BD80B582B0019001984B
:10848C00FDF768FF02B080BD80B582B00190019805
:10849C0000F0BAF802B080BD80B582B001900198AE
:1084AC00FFF7C6FD02B080BD80B582B00190019887
:1084BC0000F038F902B080BDFF281CBF014A81547E
:1084CC00704700BF0020024080B582B0FFF756FF16
:1084DC000190019802B080BD80B582B001900198E6
:1084EC00FCF733FF02B080BD80B582B001900198DB
:1084FC00FFF7B6FC02B080BD80B582B00190019848
:10850C0000F002F902B080BD02490A681040C24373
:10851C000A6070471010044002490A681040C243B8
:10852C000A6070470810044002484FF00041016097
:10853C00704700BF00A10C400248016841F00301E4
:10854C00016070472422084002480068C0F30720ED
:10855C00704700BF30A00C4002480068C0F3844054
:10856C00704700BF04A00C4002480068C0F3812093
:10857C00704700BF20A00C40024840210160FFF76B
:10858C003BBA00BFA8A00C4010B50023541E80E8D5
:10859C001E00C0E9043310BD80B582B00190019873
:1085AC00FCF780F802B080BD80B582B000F042F9D3
:1085BC000190019802B080BD42F22C00C4F2090077
:1085CC00012101600068704700680121806900F09A
:1085DC00080081EAD000704780B500F049F900F03E
:1085EC003BF900F082F980BD82B0019000910098B7
:1085FC000199486102B0704780B547F6A870C2F285
:10860C000000FEF729FD80BD81B000900098007D30
:10861C0000F0010001B0704780B582B00190019864
:10862C00FFF714FD02B080BD82B00190009100985C
:10863C000199886002B0704780B582B001900091BA
:10864C00FFE7FEF719FEFCE780B582B001900198B8
:10865C0000F002F802B080BD81B00090009840603C
:10866C000098006001B0704740F2B840C2F20000C0
:10867C00017A01208843704780B582B0019001983F
:10868C0000F064F902B080BD80B50A46D0F8031042
:10869C00104600F047F980BDFFE740F2A350C2F24C
:1086AC0000000078F9E780B500F028F9002818BF21
:1086BC00012080BD80B500F025F9002818BF0120ED
:1086CC0080BD234603958DF804500295FDF746BAFC
:1086DC0040F203714FF6FF720523FFF721BBDAF866
:1086EC000860DAF81000BAF9301070471CB54FF07A
:1086FC00FF340094FEF76AFF1CBD80B5FFF73CFF0A
:10870C00BDE88040FDF700BE81B00090009880F37A
:10871C00118801B0704780B582B0019000F046F925
:10872C0002B080BD81B0009000990020087501B0A6
:10873C00704700239A4208BF7047C1540133F9E7D0
:10874C000B46D0F80320C11D184600F029B942F29F
:10875C003000C4F209000068704740F26440C2F275
:10876C000000007D704749F20C20C0F20000006848
:10877C007047DBF84C0000222346FEF7E1BF0000F7
:10878C000149096809680847E001001001490968B6
:10879C00C96A0847B8010010014800680068004722
:1087AC00E80100100148006840680047E80100102B
:1087BC0001488068704700BF0000002048F29420F8
:1087CC00C2F20000006870470149202200F0E8B8AE
:1087DC00DC9000000068016B21F48071016370472C
:1087EC000068016B41F480710163704701492422D8
:1087FC0000F0D6B89490000001490860704700BFA3
:10880C009005002001490860704700BF94050020C6
:10881C0081B000900098006801B0704781B0009062
:10882C000098006801B0704781B0009000984068D3
:10883C0001B0704740F2B840C2F2000000697047C6
:10884C0082B001900091002002B0704740F2B84015
:10885C00C2F200004069704781B000900098C06B74
:10886C0001B0704781B000900098006C01B0704767
:10887C0040F2F830C2F200008069704700224FF0DD
:10888C008073FEF75DBF00214FF0FF32FAF7FEBC9C
:10889C00406801210068C164704781B00090009865
:1088AC0001B0704781B00090009801B0704781B062
:1088BC000090009801B0704781B00090009801B012
:1088CC00704781B00090009801B0704780B50020CF
:1088DC00FDF7A6FC80BD81B00090002001B0704770
:1088EC0081B00090009801B0704781B00090009862
:1088FC0001B0704780B5FAF7A7FD80BDEFF310808B
:10890C0072B67047EFF3108062B6704700220023F6
:10891C00FDF724B980B5FCF767FF80BD80B5FEF785
:10892C00CFFB80BD0A460021FFF703BF80B5FEF7E1
:10893C0087FA80BD80B500F005F880BD80B5FFF7E3
:10894C008BFC80BD80B5FFF7D5FF80BD81B000905A
:10895C0001B0704780B5FDF78AFC80BD81B00090F6
:10896C00FFE7FEE70022FBF7A7B90138FDD17047FE
:10897C002046FFF7C1BD2846FFF7BEBD0720FCF718
:10898C00F9BD0020704730BF7047FEF7CDB9FEF738
:10899C00E7B9FFF731B800207047806870470000D6
:1089AC00FFF751BD00207047002070470120704731
:0889BC000820704708207047F5
:1089C40071400021DB4000219D400021094100212C
:1089D400154100212141002139410021514100214B
:1089E400DB420021074C657900F009F861796940A0
:1089F400490703D50121044A8903116070BD70B58C
:108A04000249084780030021081104402D59000041
:108A140000F019F8E1B26C290BD0042801D0062823
:108A240007D110490978C90703D12178090700D46F
:108A340002200D490A780C21114202D00B498022F0
:108A44000A6003B0F0BDF0B583B0094908470020BF
:108A54000849884704480178402291430170064838
:108A640000470000C80000213301002100E200E0BB
:108A740041160300F7630000231B030000F088F88D
:108A840000480047577F000000F088F8004800477E
:108A94001B880000094B1A780824A243002800D040
:108AA40022431A70004A1047838E00000349087855
:108AB400000701D4024800477047000080030021EA
:108AC4005F7E0000044A2820904704480121416049
:108AD4000348044A416010474F42000000500440DC
:108AE4000060044085420000F8B5014908470000D1
:108AF4000D64000070B51F4D2878C4B21E4880472D
:108B04002878032834D1032C32D01C488068400DC7
:108B1400C2071A48014660318030002A03D01F245E
:108B24000C57458802E01E240C570588002C1FD0E2
:108B34001348154A4169007941434810114949696C
:108B4400401810494039497F904740054015694213
:108B540088420DDBA8420BDC0C4B996988B20246B3
:108B6400090C624309045212801880B208439861C8
:108B740070BD0000E40200217941000028000021BA
:108B84008003002100030021CB8100004040044009
:108B9400806B0C490007000F48717047094A0A4965
:108BA40018235079CB56497EC018814201DD08460E
:108BB40002E00F2800DD0F20D189090909010143D2
:108BC400D1817047E00200218800002110B50146E0
:108BD4002B4B2C4800E020BF42699207FBD1294867
:108BE400DA7A403000680B2A01D100F043F810BD56
:108BF4002022521A9040244A00BA936943402148E3
:108C040000E020BF42699207FBD488001F49401846
:108C1400C3631C4840300360704710B5194800E036
:108C240020BF42699207FBD4426B174B98695040AE
:108C34005A8AD40701D00124604052085A82202263
:108C4400511A88400F4900BA4031086010BD10B570
:108C54000446FFF749FF0C49097C8909C80708D075
:108C64000B48E10701D00B4900E00B4901620B49B5
:108C7400416210BD2022511A884000BA704700009A
:108C8400600100210020044028000021C02104408C
:108C940080030021A74200217D4200215942002186
:108CA4006861726477617265206578636570746960
:108CB4006F6E206964203D2025642C207063203D64
:108CC400203078253038782028433A2F74692F7360
:108CD400696D706C656C696E6B5F63633133787852
:108CE4005F6363323678785F73646B5F385F333207
:108CF4005F30305F30372F6B65726E656C2F74692F
:108D040072746F73372F7061636B616765735C7422
:108D1400692F73797362696F732F66616D696C79FA
:108D24002F61726D2F6D332F4877692E633A31317D
:108D3400303429006F7574206F66206D656D6F7215
:108D4400793A2068616E646C65203D20307825781E
:108D54002C2073697A653D25752028433A2F746960
:108D64002F73696D706C656C696E6B5F636331330F
:108D740078785F6363323678785F73646B5F385FEB
:108D840033325F30305F30372F6B65726E656C2F16
:108D9400746972746F73372F7061636B6167657385
:108DA4005C74692F73797362696F732F686561707E
:108DB400732F486561704D656D2E633A31353429E2
:108DC4000048776920616C72656164792064656626
:108DD400696E65643A20696E7472232025642028C4
:108DE400433A2F74692F73696D706C656C696E6B8F
:108DF4005F6363313378785F6363323678785F73A7
:108E0400646B5F385F33325F30305F30372F6B65B0
:108E1400726E656C2F746972746F73372F7061632F
:108E24006B616765735C74692F73797362696F73BF
:108E34002F66616D696C792F61726D2F6D332F48C8
:108E440077692E633A33393729006E6F20495352BC
:108E54002C206964203D2025642C207063203D2053
:108E64003078253038782028433A2F74692F736975
:108E74006D706C656C696E6B5F6363313378785FBA
:108E84006363323678785F73646B5F385F33325F65
:108E940030305F30372F6B65726E656C2F7469727A
:108EA400746F73372F7061636B616765735C74698A
:108EB4002F73797362696F732F66616D696C792F93
:108EC40061726D2F6D332F4877692E633A313130DB
:108ED4003729006F7574206F66206D656D6F727928
:108EE4003A20686561703D307825782C2073697A62
:108EF400653D25752028433A2F74692F73696D7079
:108F04006C656C696E6B5F6363313378785F636340
:108F1400323678785F73646B5F385F33325F30303A
:108F24005F30372F6B65726E656C2F746972746F66
:108F340073372F7061636B616765735C74692F733A
:108F4400797362696F732F72756E74696D652F4DD5
:108F5400656D6F72792E633A37382900696E746EC5
:108F6400756D3A202564206973206F7574206F66CF
:108F74002072616E67652028433A2F74692F7369E4
:108F84006D706C656C696E6B5F6363313378785FA9
:108F94006363323678785F73646B5F385F33325F54
:108FA40030305F30372F6B65726E656C2F74697269
:108FB400746F73372F7061636B616765735C746979
:108FC4002F73797362696F732F66616D696C792F82
:108FD40061726D2F6D332F4877692E633A333839B8
:108FE400290000080010004015000000FF000000E8
:108FF40030580020001000000000000000000000B5
:10900400000000000C0000000D000000FF00000044
:10901400FF000000201800201018002004000000A9
:109024000200000005000000100000000F00000016
:109034001100000012000000000200008E00000079
:109044008E0001008E0002008E0003008F000001DC
:109054008F0000028F0000038E0001048E000005C3
:109064008E0008048E0000048900000650000000F1
:109074007F0001003F0004003F0002003F000100A8
:109084007F0002008E0002048E0001028E000101A6
:1090940000000000000000000000000000000000CC
:1090A400000000000100000000C2010003000000F5
:1090B40000000000000000000000000000000000AC
:1090C4000100000000000000000200000000000099
:1090D4000000000001000000FFFFFFFF000000008F
:1090E40000000000000000003A013A010000000006
:1090F400000000000000000074692E737973626937
:109104006F732E6B6E6C2E5461736B2E49646C6599
:109114005461736B00031E01000000000000000096
:10912400E803000000000000000000000000000050
:10913400000000000000000000000000010000002A
:1091440000000000E000000001000000000000003A
:109154002D1C0000618100000101010000000000DD
:1091640000000000000000000000000005000000F6
:109174000000000074010020447E0020C07E002016
:10918400FFFFFFFF200101000000000000000000BD
:1091940000000000000000000000000000000000CB
:1091A40000000000000000000000000000000000BB
:1091B400000000006C03002070030020307A0020BF
:1091C400E88F000020820020E091000001020003EB
:1091D4000200010361680000798100000000024080
:1091E4000929FF00000602868200081018200001E9
:1091F4000203040122000100440001000020406039
:10920400D4030020000000000A0000000600000053
:0A9214000002000006000000000147
:08922000000000000000000046
:1092280000E500000FA1020100BF0514BF02B189CB
:10923800003F0025350000B5007016BF027B0260B4
:1092480000370004002000F98601B8200101BF089A
:10925800013F1B173FAA01177801FD0A2B8FB101A7
:10926800D388F7005D40FF0140311114088305FFE2
:109278002029A30500000306FF70F523060000A3BC
:1092880084FF0C00064488509C60FF3200A38804C9
:10929800000200DFAF7D28601A00702F451F020012
:1092A800F80CFF000029FF072A057F060020A07C94
:1092B80000203E3F02CFF803002000312BFF065468
:1092C800812700201C28F0003124003442B5FB041B
:1092D8003830C988F94E9055FE4462FF071058008F
:1092E80000FCAE312F046CDC0246B903478491566A
:1092F8002FF0C98000F12748A20705BAFFC1170F50
:1093080000000560077F98E008003F017C0B306F84
:109318009B030008126000B832B024003137FF0206
:10932800240BB00676083B8903D0F43B7F153EB684
:1093380075521F083C050020340031543E82173F07
:1093480000B3421D3040B0A97003300031780034BA
:10935800800034001900104058C053340033597944
:10936800FFF00000C75300004D87000095860000FD
:1093780002000000100000000200000010000000C1
:1093880002000000702A000028920000000000205F
:109398007893000010180020809300002018002007
:0893A8008893000030580020FA
:020000025000AC
:107FA800000080011000C0FFFDFF5800FFFFBBF17B
:107FB800FFFFFFFFFFFFFFFFFFFFFFFFFFFFFFFFC9
:107FC800FFFFFFFFFFFFFFFFFFFFFFFFFFFFFFFFB9
:107FD800FFFFFFC5FFFFFFFF00FFFFFF00C5C5FF55
:107FE800000000FF00000000FFFFFFFFFFFFFFFF92
:087FF800FFFFFFFFFFFFFFFF89
:040000030000892947
:00000001FF
